PG.ProteinAccessions,PG.Genes,PG.ProteinDescriptions,PG.ProteinNames,PG.Pvalue,PG.Qvalue,Control_R1.raw.PG.NrOfStrippedSequencesIdentified,Control_R1.raw.PG.NrOfPrecursorsIdentified,Control_R1.raw.PG.Quantity,Control_R2.raw.PG.NrOfStrippedSequencesIdentified,Control_R2.raw.PG.NrOfPrecursorsIdentified,Control_R2.raw.PG.Quantity,Control_R3.raw.PG.NrOfStrippedSequencesIdentified,Control_R3.raw.PG.NrOfPrecursorsIdentified,Control_R3.raw.PG.Quantity,TreatmentA_R1.raw.PG.NrOfStrippedSequencesIdentified,TreatmentA_R1.raw.PG.NrOfPrecursorsIdentified,TreatmentA_R1.raw.PG.Quantity,TreatmentA_R2.raw.PG.NrOfStrippedSequencesIdentified,TreatmentA_R2.raw.PG.NrOfPrecursorsIdentified,TreatmentA_R2.raw.PG.Quantity,TreatmentA_R3.raw.PG.NrOfStrippedSequencesIdentified,TreatmentA_R3.raw.PG.NrOfPrecursorsIdentified,TreatmentA_R3.raw.PG.Quantity,TreatmentB_R1.raw.PG.NrOfStrippedSequencesIdentified,TreatmentB_R1.raw.PG.NrOfPrecursorsIdentified,TreatmentB_R1.raw.PG.Quantity,TreatmentB_R2.raw.PG.NrOfStrippedSequencesIdentified,TreatmentB_R2.raw.PG.NrOfPrecursorsIdentified,TreatmentB_R2.raw.PG.Quantity,TreatmentB_R3.raw.PG.NrOfStrippedSequencesIdentified,TreatmentB_R3.raw.PG.NrOfPrecursorsIdentified,TreatmentB_R3.raw.PG.Quantity
P00001,GENE0001,Protein description 1,GENE0001_HUMAN,0.367422,0.936107,5,9,46952.5,6,11,44214.07,7,11,66145.17,7,9,62426.81,5,9,69145.54,5,11,65637.39,6,9,68433.76,6,9,61050.01,5,11,39914.36
P00002,GENE0002,Protein description 2,GENE0002_HUMAN,0.201128,0.84242,3,6,3657.62,1,8,7807.66,0,0,,2,8,5868.15,3,8,9235.98,2,6,7056.23,3,6,3443.3,1,7,3674.24,1,6,5475.64
P00003,GENE0003,Protein description 3,GENE0003_HUMAN,0.436886,0.942072,6,13,110219.23,7,15,154251.19,6,15,98071.34,7,14,170270.27,5,14,192363.03,7,13,242465.2,7,15,138204.51,7,14,98680.97,7,15,60106.7
P00004,GENE0004,Protein description 4,GENE0004_HUMAN,0.873015,0.983679,2,6,157947.19,1,7,256114.08,2,7,177496.93,2,8,363471.48,1,7,169646.61,2,6,172055.58,0,6,171540.39,1,6,133441.84,0,7,79798.59
P00005,GENE0005,Protein description 5,GENE0005_HUMAN,0.121026,0.722544,0,0,,1,6,1735.02,1,8,902.39,3,6,2632.04,2,6,954.28,3,6,1024.07,0,0,,2,7,769.86,3,6,1470.17
P00006,GENE0006,Protein description 6,GENE0006_HUMAN,0.215402,0.848874,1,2,3562.12,1,2,4647.79,0,0,,1,1,4844.77,0,1,5153.93,0,2,4913.34,1,1,1749.68,0,3,2302.95,0,1,1712.64
P00007,GENE0007,Protein description 7,GENE0007_HUMAN,0.665246,0.965874,4,8,35855.94,4,8,97886.29,3,7,53434.7,4,6,39304.17,3,6,49304.59,3,6,86787.88,4,6,34526.24,3,6,47176.76,3,6,26147.57
P00008,GENE0008,Protein description 8,GENE0008_HUMAN,0.574952,0.962262,7,14,46638.69,5,15,26729.64,5,13,29122.44,6,13,29401.0,7,14,15310.45,7,14,25718.7,6,14,21851.14,7,13,19691.83,7,13,35119.6
P00009,GENE0009,Protein description 9,GENE0009_HUMAN,0.916186,0.986472,4,13,27639.9,4,14,52784.92,2,15,18649.08,3,14,47095.89,4,13,48499.44,3,13,54983.35,4,15,27363.68,2,14,22161.18,2,13,24497.51
P00010,GENE0010,Protein description 10,GENE0010_HUMAN,0.002926,0.123196,4,15,5485.99,5,14,9325.16,4,14,9010.92,5,13,82961.22,3,13,52188.97,4,13,40088.51,5,14,62793.44,3,15,58097.88,5,14,52546.52
P00011,GENE0011,Protein description 11,GENE0011_HUMAN,0.878516,0.984332,5,6,183153.43,6,5,162306.04,5,5,206782.1,6,6,173341.44,5,7,99322.39,6,7,142764.7,4,6,153749.42,5,6,169882.04,4,7,176412.87
P00012,GENE0012,Protein description 12,GENE0012_HUMAN,0.72549,0.96571,3,3,90963.07,3,1,107252.64,4,2,125098.26,4,3,133380.93,5,3,124550.39,3,3,87145.16,5,3,162257.72,5,3,166699.49,4,2,134770.97
P00013,GENE0013,Protein description 13,GENE0013_HUMAN,0.775517,0.967884,5,5,26971.24,7,4,28485.7,6,4,37503.39,5,4,51381.88,5,6,34998.78,6,5,41952.08,7,4,29750.95,5,6,38141.16,7,6,21874.26
P00014,GENE0014,Protein description 14,GENE0014_HUMAN,0.378667,0.932104,3,4,173910.1,1,3,414989.0,2,3,294238.24,2,3,105992.96,1,5,507627.24,2,4,214363.18,1,4,251670.65,2,5,139075.37,2,3,144660.27
P00015,GENE0015,Protein description 15,GENE0015_HUMAN,0.307325,0.8973,2,3,96033.75,3,3,75894.7,1,3,65576.31,1,4,108345.52,1,2,83378.13,3,2,51377.7,1,2,65994.27,0,0,,1,2,63069.69
P00016,GENE0016,Protein description 16,GENE0016_HUMAN,0.014378,0.230045,2,12,6100.07,3,10,9464.28,3,11,7124.34,1,11,18122.19,2,11,8274.41,2,11,10106.3,2,10,5291.97,0,0,,3,11,9882.81
P00017,GENE0017,Protein description 17,GENE0017_HUMAN,0.787405,0.970607,2,7,68492.96,1,7,77571.37,0,0,,1,7,36023.41,2,9,75824.53,2,9,114788.45,2,7,27739.62,1,9,64967.03,1,7,38586.47
P00018,GENE0018,Protein description 18,GENE0018_HUMAN,0.161553,0.812846,0,11,8764.44,0,12,6139.8,0,10,5348.31,2,12,5565.73,1,10,7030.45,2,11,8475.34,0,10,3021.87,2,10,2900.18,2,11,5658.98
P00019,GENE0019,Protein description 19,GENE0019_HUMAN,0.226129,0.833656,0,5,202102.32,2,5,146454.06,2,5,152097.32,2,3,151204.83,1,4,144984.39,0,5,159205.62,1,3,86002.18,0,5,76033.34,1,3,167811.83
P00020,GENE0020,Protein description 20,GENE0020_HUMAN,0.276561,0.881471,0,0,,0,12,39844.25,1,10,39027.75,0,11,27927.7,0,11,29113.07,0,0,,0,10,21654.39,1,10,29108.7,2,11,26431.26
P00021,GENE0021,Protein description 21,GENE0021_HUMAN,0.869674,0.984073,3,1,38559.22,3,2,33777.12,3,3,20532.13,3,1,41938.85,2,3,17866.35,2,2,29874.14,1,3,14111.2,3,3,24562.03,3,2,20330.35
P00022,GENE0022,Protein description 22,GENE0022_HUMAN,0.2879,0.885847,5,11,4740.3,6,11,7164.05,0,0,,4,12,14678.24,6,10,13084.14,5,12,9234.37,5,11,17680.47,6,11,8223.8,6,12,6745.99
P00023,GENE0023,Protein description 23,GENE0023_HUMAN,0.425683,0.940736,1,13,299255.77,1,13,194403.05,2,11,214965.5,1,11,421038.71,3,12,172413.92,2,13,495432.38,2,12,181178.83,2,11,236801.99,2,11,297464.09
P00024,GENE0024,Protein description 24,GENE0024_HUMAN,0.747345,0.964316,5,6,15472.86,6,5,38922.19,6,5,35455.37,4,5,43865.1,6,4,26488.69,6,4,31727.87,5,6,25577.05,5,5,13712.56,5,5,19389.0
P00025,GENE0025,Protein description 25,GENE0025_HUMAN,0.892271,0.985935,0,6,14374.21,0,5,15129.12,2,7,12211.66,0,6,23232.49,0,7,26278.64,0,6,17252.64,1,7,15625.22,2,6,12748.51,1,6,18739.55
P00026,GENE0026,Protein description 26,GENE0026_HUMAN,0.791183,0.970776,7,7,21200.68,6,8,12366.78,7,8,15646.88,7,7,58807.44,6,6,24038.33,5,8,27498.67,6,6,15667.51,7,8,21555.69,6,6,14729.82
P00027,GENE0027,Protein description 27,GENE0027_HUMAN,0.535414,0.96471,2,9,95694.51,2,9,163113.64,3,9,79337.76,2,8,109740.12,3,9,185179.96,4,8,66871.39,3,9,84380.88,2,9,60107.18,3,9,69981.78
P00028,GENE0028,Protein description 28,GENE0028_HUMAN,0.001625,0.162521,3,8,105792.74,3,8,78344.46,4,7,73169.36,4,7,541026.5,5,8,478028.72,5,9,378226.23,5,8,407366.75,3,7,282797.35,4,7,208179.01
P00029,GENE0029,Protein description 29,GENE0029_HUMAN,0.157842,0.809448,6,4,54305.51,6,2,72723.71,5,4,109066.84,5,4,60200.9,5,2,123477.76,5,4,80218.7,5,3,47261.61,4,2,63136.29,6,4,119437.16
P00030,GENE0030,Protein description 30,GENE0030_HUMAN,0.253603,0.878278,8,6,70740.63,6,6,63063.59,7,5,67194.51,7,6,78135.81,6,7,94369.38,6,5,92143.64,6,7,36931.39,8,6,47188.75,8,5,67958.78
P00031,GENE0031,Protein description 31,GENE0031_HUMAN,0.413766,0.932429,7,8,1272761.0,7,8,1609963.84,6,8,1636864.47,5,9,2826995.28,5,7,1436613.95,6,7,1221693.97,5,7,1216903.65,5,9,1451040.84,7,7,1821470.56
P00032,GENE0032,Protein description 32,GENE0032_HUMAN,0.36219,0.931677,0,0,,2,10,13325.05,2,10,14840.13,3,9,9173.98,2,9,24334.38,3,10,24693.75,3,8,9535.23,2,9,16152.16,3,8,15752.21
P00033,GENE0033,Protein description 33,GENE0033_HUMAN,0.514406,0.959266,3,9,13299.48,4,10,18605.53,4,10,20131.56,4,9,8681.66,3,11,14675.17,3,11,18375.05,2,11,18164.27,2,9,8827.99,4,10,14037.39
P00034,GENE0034,Protein description 34,GENE0034_HUMAN,0.412028,0.936426,2,11,9009.24,4,10,9240.64,2,11,5522.6,3,10,9423.5,2,11,18959.9,0,0,,0,0,,4,9,5532.76,4,9,6045.08
P00035,GENE0035,Protein description 35,GENE0035_HUMAN,0.726067,0.963273,0,8,126824.84,0,8,73549.51,0,8,141723.01,2,8,209474.79,1,8,84704.41,1,7,72102.97,2,6,156118.91,0,8,87447.34,1,7,57545.07
P00036,GENE0036,Protein description 36,GENE0036_HUMAN,0.052231,0.528919,4,8,285057.54,3,7,225265.34,2,9,249378.86,3,7,379103.43,2,7,417427.34,2,7,262384.72,2,7,112736.53,2,9,142550.42,3,9,427153.12
P00037,GENE0037,Protein description 37,GENE0037_HUMAN,0.994728,0.995973,7,6,26798.26,6,7,25873.64,5,6,18788.45,7,6,23463.6,6,6,35452.46,6,7,50612.1,6,5,23418.64,6,5,15890.64,6,7,29546.3
P00038,GENE0038,Protein description 38,GENE0038_HUMAN,0.843059,0.987477,3,5,10543.63,2,4,9725.27,2,6,5748.22,0,0,,2,4,15248.35,2,4,9734.88,1,4,7437.59,2,4,5197.49,1,6,6272.47
P00039,GENE0039,Protein description 39,GENE0039_HUMAN,0.334967,0.930463,4,6,4502.05,2,5,5918.25,4,5,12044.96,4,7,8944.82,4,7,12899.97,3,5,10008.36,3,7,4506.3,2,7,7777.84,2,6,5599.19
P00040,GENE0040,Protein description 40,GENE0040_HUMAN,0.396802,0.928192,2,7,95548.29,2,7,70225.62,0,6,80092.54,1,7,122777.63,2,7,105459.72,2,8,166272.09,1,6,103729.34,1,7,114749.18,1,6,77551.39
P00041,GENE0041,Protein description 41,GENE0041_HUMAN,0.963707,0.996079,2,4,133762.36,3,2,116839.79,3,2,101378.6,3,2,85691.89,1,2,138325.92,1,3,195158.65,1,4,89200.95,3,2,113487.89,3,3,193655.1
P00042,GENE0042,Protein description 42,GENE0042_HUMAN,0.935804,0.991581,2,3,108859.72,1,3,75457.17,2,3,77484.72,2,4,134025.41,0,5,100871.95,0,5,88325.43,1,3,63478.4,0,5,32008.0,0,3,100174.34
P00043,GENE0043,Protein description 43,GENE0043_HUMAN,0.393174,0.93335,5,3,10252.66,4,3,11123.17,0,0,,5,3,12017.92,4,4,9991.82,5,4,8666.33,3,2,8272.98,4,4,10711.33,4,2,8347.94
P00044,GENE0044,Protein description 44,GENE0044_HUMAN,0.059616,0.541962,0,0,,2,8,62628.13,3,8,116633.02,2,8,92412.42,3,6,87190.02,2,8,71871.09,4,6,29634.11,3,8,42095.08,2,6,45662.72
P00045,GENE0045,Protein description 45,GENE0045_HUMAN,0.987966,0.996687,8,8,50174.51,8,7,49166.45,8,8,41466.52,7,7,65308.14,8,9,50792.67,8,9,54743.09,8,8,26695.13,6,9,26115.47,7,9,40226.56
P00046,GENE0046,Protein description 46,GENE0046_HUMAN,0.653753,0.961402,5,5,53190.95,5,3,68188.77,6,4,37777.62,6,4,84795.79,4,4,70858.35,5,4,95070.07,4,5,48918.41,4,4,49773.29,4,5,38828.36
P00047,GENE0047,Protein description 47,GENE0047_HUMAN,0.693002,0.969233,2,2,180560.48,2,4,113574.76,4,3,213855.35,4,2,195728.79,3,3,170485.36,3,4,103544.97,4,2,129733.78,4,2,78157.13,3,3,234499.08
P00048,GENE0048,Protein description 48,GENE0048_HUMAN,0.274595,0.878705,4,8,38246.67,3,9,40511.72,4,8,40200.32,4,9,75097.75,4,7,34771.03,4,9,112940.77,3,7,33667.31,5,8,33287.76,3,7,29027.32
P00049,GENE0049,Protein description 49,GENE0049_HUMAN,0.818704,0.979019,6,3,105535.68,6,4,101892.33,6,4,138668.14,7,5,78596.31,7,4,185652.42,8,3,53132.76,7,5,105250.08,7,3,111354.05,6,5,149716.7
P00050,GENE0050,Protein description 50,GENE0050_HUMAN,0.557482,0.971646,1,12,17260.24,3,13,66524.65,2,12,68098.66,1,14,40078.0,2,14,39467.36,2,13,35633.02,0,0,,3,13,18102.47,2,14,36943.47
P00051,GENE0051,Protein description 51,GENE0051_HUMAN,0.470242,0.957236,2,4,55224.31,1,5,36703.61,3,5,52136.11,2,3,33221.6,2,3,83340.53,0,0,,2,5,38715.46,2,4,38246.97,3,4,48111.39
P00052,GENE0052,Protein description 52,GENE0052_HUMAN,0.741202,0.957935,5,9,41535.85,4,7,95875.43,4,9,70042.86,4,9,98446.78,3,8,159710.61,3,9,179100.15,4,8,57358.44,5,8,82609.87,4,9,174707.8
P00053,GENE0053,Protein description 53,GENE0053_HUMAN,0.371899,0.935596,1,11,1422.39,2,13,1665.46,0,11,2858.88,0,12,3599.92,1,11,5054.99,0,12,4424.19,1,13,1668.71,1,11,1810.97,0,13,2316.2
P00054,GENE0054,Protein description 54,GENE0054_HUMAN,0.429405,0.933489,3,2,19173.06,3,3,19655.01,4,2,24409.83,0,0,,4,2,21839.36,3,2,39301.11,3,2,26520.09,5,3,12425.26,5,4,16936.14
P00055,GENE0055,Protein description 55,GENE0055_HUMAN,0.652327,0.96641,3,6,14776.2,1,7,14838.27,1,6,15882.35,2,6,23272.37,1,6,8723.44,1,6,13917.94,3,6,11557.57,3,6,10668.56,2,8,18832.19
P00056,GENE0056,Protein description 56,GENE0056_HUMAN,0.639586,0.963595,6,8,7113.9,8,8,5283.82,8,8,6259.25,6,8,17937.42,8,7,16383.47,8,9,18938.5,8,8,14154.2,8,7,9045.36,6,7,13796.55
P00057,GENE0057,Protein description 57,GENE0057_HUMAN,0.971186,0.996088,6,10,20200.47,7,10,21342.92,0,0,,7,10,17544.96,6,10,28130.75,5,9,23305.95,7,9,13243.66,6,10,9213.36,5,8,36317.59
P00058,GENE0058,Protein description 58,GENE0058_HUMAN,0.562851,0.962139,0,14,712617.68,0,14,246185.05,1,14,535203.95,2,12,581290.96,2,14,338546.73,0,12,454430.93,0,14,329782.39,2,14,447637.62,1,12,130907.05
P00059,GENE0059,Protein description 59,GENE0059_HUMAN,0.320985,0.920388,3,8,8595.08,3,10,3666.97,3,10,8191.56,5,9,7931.22,4,10,9064.4,4,10,4413.94,3,8,9280.58,5,9,7234.19,3,8,6515.56
P00060,GENE0060,Protein description 60,GENE0060_HUMAN,0.287439,0.887842,1,7,484042.79,2,6,202199.43,1,6,175939.73,3,5,196794.51,3,5,144475.33,1,6,389233.73,3,7,119921.03,3,6,120878.78,2,6,224020.07
P00061,GENE0061,Protein description 61,GENE0061_HUMAN,0.534019,0.96655,5,6,1483.08,5,6,2213.22,4,8,2639.44,5,6,2207.57,4,6,1514.44,4,7,2949.66,6,7,1317.03,5,6,1100.99,4,8,1450.12
P00062,GENE0062,Protein description 62,GENE0062_HUMAN,0.119559,0.719152,5,10,20790.07,4,9,28530.95,4,9,17794.82,4,10,8527.23,5,11,26281.98,4,10,17280.76,0,0,,3,10,22291.35,3,9,14316.63
P00063,GENE0063,Protein description 63,GENE0063_HUMAN,0.588099,0.960161,8,6,55476.24,6,6,47527.63,6,6,26771.07,7,5,104237.96,6,6,41412.42,7,4,60373.05,6,6,29028.45,7,5,23503.91,8,6,35755.92
P00064,GENE0064,Protein description 64,GENE0064_HUMAN,0.390255,0.937549,3,11,82013.01,2,9,61965.42,3,9,69804.23,3,9,96419.64,3,11,130995.18,3,9,72236.6,2,10,114173.56,3,11,75391.41,2,9,76598.68
P00065,GENE0065,Protein description 65,GENE0065_HUMAN,0.351997,0.929365,3,7,76311.25,3,6,168595.45,5,7,136165.89,5,5,127062.05,3,7,99609.55,4,7,130724.99,3,5,66549.93,5,5,87745.39,5,7,66491.87
P00066,GENE0066,Protein description 66,GENE0066_HUMAN,0.192477,0.832335,6,1,104648.23,8,2,175881.05,7,1,81989.55,8,3,251738.38,6,3,253945.22,8,3,125568.5,6,1,143770.36,8,3,74650.06,7,2,160463.6
P00067,GENE0067,Protein description 67,GENE0067_HUMAN,0.495413,0.961968,1,9,14776.03,1,9,26671.98,0,0,,2,7,24912.78,1,8,31838.79,0,9,43645.27,0,8,6324.22,1,9,11927.78,1,8,19112.26
P00068,GENE0068,Protein description 68,GENE0068_HUMAN,0.037633,0.430091,3,5,9824.39,2,5,9070.98,2,5,16352.68,1,5,20808.59,2,5,22304.97,1,6,19361.15,3,4,10527.62,2,5,9456.33,2,5,18258.28
P00069,GENE0069,Protein description 69,GENE0069_HUMAN,0.607184,0.959975,5,6,109337.39,6,7,154043.61,5,6,98479.49,6,7,190920.17,5,7,157043.05,6,6,154511.88,5,5,98623.02,7,5,146682.05,6,7,161343.08
P00070,GENE0070,Protein description 70,GENE0070_HUMAN,0.285549,0.89584,2,6,22155.76,1,6,25298.33,2,5,14610.57,1,7,38425.73,1,7,27050.52,0,6,17193.91,1,5,32751.2,0,6,24029.68,0,0,
P00071,GENE0071,Protein description 71,GENE0071_HUMAN,0.90507,0.986452,3,3,3959.46,2,4,2292.51,2,2,3303.99,2,4,4028.27,3,4,5077.83,1,4,5249.0,1,3,2073.55,3,3,2702.7,3,2,3556.29
P00072,GENE0072,Protein description 72,GENE0072_HUMAN,0.526362,0.968022,6,4,7553.97,6,4,5351.4,0,0,,8,4,4757.41,6,4,6308.31,7,4,2986.21,8,4,3922.58,7,6,2954.44,7,5,4522.51
P00073,GENE0073,Protein description 73,GENE0073_HUMAN,0.780587,0.971182,0,0,,5,14,11967.01,6,12,8667.8,5,14,10131.67,6,12,8806.58,0,0,,4,13,6933.77,5,12,7285.95,6,13,9710.31
P00074,GENE0074,Protein description 74,GENE0074_HUMAN,0.851189,0.988318,0,7,76249.14,0,7,70964.42,2,5,71832.35,2,7,139507.58,2,6,99713.91,0,5,81036.83,2,7,47012.83,1,5,34721.31,2,7,75865.98
P00075,GENE0075,Protein description 75,GENE0075_HUMAN,0.002338,0.143871,5,10,35646.62,5,12,48851.92,6,11,50808.88,7,10,412319.48,7,12,208486.47,5,10,292173.19,5,11,164232.36,6,12,226876.26,6,11,418732.62
P00076,GENE0076,Protein description 76,GENE0076_HUMAN,0.870631,0.983764,5,6,172886.06,5,7,103080.19,4,8,54843.48,4,8,148833.16,5,7,102851.55,3,7,105662.49,5,8,118419.85,5,6,48546.51,5,6,102775.11
P00077,GENE0077,Protein description 77,GENE0077_HUMAN,0.225469,0.835069,5,1,14380.82,4,1,15292.23,3,2,10749.0,3,1,35924.79,3,2,19772.07,3,3,13590.96,3,2,8476.37,0,0,,4,1,13731.8
P00078,GENE0078,Protein description 78,GENE0078_HUMAN,0.303316,0.892105,8,12,34016.41,8,12,43141.71,6,11,33618.06,8,12,57221.29,8,11,35036.1,8,12,87386.05,6,12,22595.56,0,0,,8,13,97549.11
P00079,GENE0079,Protein description 79,GENE0079_HUMAN,0.707938,0.969778,2,12,104210.93,3,14,86113.29,2,12,111369.52,4,14,136361.93,3,12,78892.48,2,14,99392.65,2,14,107845.06,2,14,77297.74,0,0,
P00080,GENE0080,Protein description 80,GENE0080_HUMAN,0.537618,0.964338,4,6,17735.66,4,4,13982.34,2,6,23197.77,3,5,18241.44,0,0,,4,6,27846.71,4,5,22605.3,2,4,11201.92,3,5,17966.06
P00081,GENE0081,Protein description 81,GENE0081_HUMAN,0.609332,0.957693,6,5,40198.21,4,4,86908.32,5,3,49107.93,4,3,96977.33,6,3,59247.03,6,5,38354.01,5,5,52823.71,5,4,77637.47,6,3,50463.07
P00082,GENE0082,Protein description 82,GENE0082_HUMAN,0.677729,0.961318,3,15,15163.33,0,0,,3,14,7397.45,2,13,11811.57,2,15,16403.1,1,15,7906.93,2,14,12117.88,1,15,9689.17,3,13,14193.59
P00083,GENE0083,Protein description 83,GENE0083_HUMAN,0.114253,0.708543,1,2,22851.67,1,4,13800.07,0,4,27002.66,2,4,14201.73,2,4,21961.01,0,2,23927.27,2,4,15399.14,0,4,9213.17,0,2,15322.62
P00084,GENE0084,Protein description 84,GENE0084_HUMAN,0.168306,0.821007,0,14,11246.82,0,13,23397.65,0,0,,1,12,12581.17,1,13,12634.11,1,14,21181.23,0,13,19899.87,2,13,9216.33,2,13,13217.24
P00085,GENE0085,Protein description 85,GENE0085_HUMAN,0.637836,0.966419,4,4,2882.49,0,0,,4,3,2070.43,3,4,3762.24,2,5,5581.81,3,4,2930.36,3,3,3683.84,4,3,5535.3,3,5,3501.29
P00086,GENE0086,Protein description 86,GENE0086_HUMAN,0.625371,0.96211,0,12,78794.67,0,12,74560.67,1,14,203531.81,1,14,87332.3,2,13,91425.8,0,12,88777.69,0,12,109750.51,2,12,59363.59,0,12,64761.23
P00087,GENE0087,Protein description 87,GENE0087_HUMAN,0.817432,0.980428,3,14,18156.38,3,13,16295.79,3,15,11231.19,5,15,17182.95,5,14,23680.99,5,15,27450.42,3,15,14356.44,5,15,19368.23,3,15,12390.18
P00088,GENE0088,Protein description 88,GENE0088_HUMAN,0.693782,0.965262,6,4,49229.96,7,6,47495.61,7,5,40059.12,0,0,,7,5,31943.52,7,4,60510.23,8,6,29872.31,6,6,27187.28,8,5,22911.02
P00089,GENE0089,Protein description 89,GENE0089_HUMAN,0.207677,0.84766,0,0,,1,4,76814.88,3,5,90095.44,3,4,124639.9,2,4,152654.72,2,4,80572.21,2,3,63620.34,3,5,66981.64,3,5,48855.43
P00090,GENE0090,Protein description 90,GENE0090_HUMAN,0.070072,0.555029,1,2,59094.68,2,2,96299.33,0,0,,2,2,71358.52,0,2,76870.5,2,3,48604.72,2,3,40540.76,0,4,48036.08,1,3,60457.9
P00091,GENE0091,Protein description 91,GENE0091_HUMAN,0.391025,0.936586,0,11,100567.38,1,13,86470.09,2,13,77870.49,2,13,93359.97,2,11,97143.34,0,11,115335.89,1,11,97745.35,0,11,97077.04,1,13,97514.89
P00092,GENE0092,Protein description 92,GENE0092_HUMAN,0.371272,0.936965,3,5,28815.33,3,6,30064.04,2,6,57420.15,3,6,50120.61,3,7,34338.41,0,0,,3,7,22701.83,3,5,15522.5,3,6,24901.45
P00093,GENE0093,Protein description 93,GENE0093_HUMAN,0.767416,0.965303,6,10,15028.28,4,11,10369.25,5,9,15858.24,6,10,28293.65,6,11,15262.54,5,9,25654.82,4,10,8597.59,5,9,20818.51,6,11,12137.4
P00094,GENE0094,Protein description 94,GENE0094_HUMAN,0.671483,0.960978,0,0,,3,9,38498.55,5,10,35438.31,5,10,47694.12,4,9,45835.27,4,10,18794.28,4,9,22413.11,4,9,36314.69,5,8,31307.86
P00095,GENE0095,Protein description 95,GENE0095_HUMAN,0.872202,0.984149,4,9,3035.82,4,9,1747.01,4,9,1873.1,2,9,2196.87,0,0,,2,9,1395.11,3,7,1970.82,3,9,1250.23,2,9,1812.95
P00096,GENE0096,Protein description 96,GENE0096_HUMAN,0.504262,0.951437,5,5,3648.15,6,5,2712.95,5,6,1797.24,6,5,5540.62,7,6,3316.25,5,6,3580.2,7,4,2342.74,6,6,3541.48,0,0,
P00097,GENE0097,Protein description 97,GENE0097_HUMAN,0.288699,0.884901,2,5,2330.33,4,6,2345.9,2,6,5082.95,2,5,2784.63,3,6,3403.51,0,0,,3,7,2485.34,3,6,5977.23,0,0,
P00098,GENE0098,Protein description 98,GENE0098_HUMAN,0.50425,0.953665,5,7,6066.07,4,8,5141.86,5,9,5552.8,0,0,,6,8,6449.58,5,7,8877.83,0,0,,4,9,5756.29,6,9,6833.78
P00099,GENE0099,Protein description 99,GENE0099_HUMAN,0.215502,0.845106,6,3,76561.87,6,2,78948.23,6,2,66771.11,6,3,145398.63,6,3,97241.96,8,4,56566.83,7,2,67147.17,6,4,59771.53,8,2,99740.6
P00100,GENE0100,Protein description 100,GENE0100_HUMAN,0.060531,0.532137,1,8,6877.91,2,8,7062.69,2,6,4958.6,3,6,8674.42,3,8,8635.53,3,6,5406.62,2,8,5229.11,3,7,5084.32,3,6,9453.99
P00101,GENE0101,Protein description 101,GENE0101_HUMAN,0.499683,0.954049,0,10,16002.74,1,11,7253.8,1,11,9746.61,2,10,14187.61,1,10,14170.53,1,11,34515.5,2,11,14255.71,1,12,14644.19,2,12,37405.78
P00102,GENE0102,Protein description 102,GENE0102_HUMAN,0.413605,0.934701,2,8,362298.41,1,6,381097.79,3,8,291311.71,1,8,534822.87,2,7,388624.63,1,6,317667.52,2,6,330534.55,3,6,196170.18,1,7,143060.9
P00103,GENE0103,Protein description 103,GENE0103_HUMAN,0.032229,0.396665,0,0,,1,7,16288.57,3,6,13505.06,3,6,22260.13,2,8,24407.22,1,8,22349.64,2,6,17422.92,2,6,17648.18,3,7,8353.16
P00104,GENE0104,Protein description 104,GENE0104_HUMAN,0.721274,0.963304,5,13,103745.4,5,12,200681.79,5,11,64332.07,6,13,93308.64,7,11,165565.41,6,11,84184.3,5,12,90181.58,7,11,105910.34,6,11,114687.56
P00105,GENE0105,Protein description 105,GENE0105_HUMAN,0.644351,0.959927,6,7,5495.59,0,0,,8,9,6691.13,6,8,10860.46,0,0,,8,7,8798.14,6,7,5897.85,6,7,10844.92,6,9,7767.0
P00106,GENE0106,Protein description 106,GENE0106_HUMAN,0.073802,0.567709,5,12,25488.49,5,11,29150.89,5,11,44501.28,5,12,40043.06,0,0,,4,12,14852.93,4,12,17073.63,5,10,11017.98,5,10,19361.18
P00107,GENE0107,Protein description 107,GENE0107_HUMAN,0.710024,0.967664,2,1,6423.89,2,2,6735.66,1,3,9670.87,2,1,8082.24,1,2,21124.83,1,3,11479.49,0,3,5796.77,1,2,5930.49,2,2,7625.84
P00108,GENE0108,Protein description 108,GENE0108_HUMAN,0.082822,0.625074,0,0,,0,0,,5,14,12870.92,7,14,15996.25,6,13,19554.15,6,15,37027.25,6,15,19880.82,7,15,27017.69,5,13,13112.93
P00109,GENE0109,Protein description 109,GENE0109_HUMAN,0.517657,0.963082,6,11,183836.13,7,12,120698.41,8,12,105832.78,6,13,129243.21,7,13,84312.99,6,13,185166.66,8,12,120235.86,6,12,128680.67,8,11,105331.3
P00110,GENE0110,Protein description 110,GENE0110_HUMAN,0.622247,0.960999,2,11,1480.25,3,11,2077.86,2,11,2261.32,3,12,1920.43,2,11,1743.33,3,11,1980.23,4,13,1753.13,3,12,1395.63,3,11,1463.39
P00111,GENE0111,Protein description 111,GENE0111_HUMAN,0.498986,0.959588,6,11,86384.31,4,10,95306.45,4,11,82441.82,5,11,81641.91,5,11,33910.66,6,10,44129.04,6,9,81851.57,5,10,54391.23,6,9,60683.5
P00112,GENE0112,Protein description 112,GENE0112_HUMAN,0.747406,0.962842,5,7,64905.79,5,9,33968.33,5,7,47394.6,5,9,41270.31,4,7,81129.76,6,9,28707.46,4,8,42386.09,6,7,28482.65,4,8,49646.62
P00113,GENE0113,Protein description 113,GENE0113_HUMAN,0.385567,0.931883,3,8,5924.58,5,9,5037.93,3,8,13526.76,4,9,15787.66,5,7,18037.0,4,7,19735.03,4,9,7097.43,5,9,6355.87,4,9,8481.88
P00114,GENE0114,Protein description 114,GENE0114_HUMAN,0.212956,0.843388,2,11,2833.4,3,9,2366.82,3,10,2332.02,3,10,3106.4,3,10,2490.59,2,11,1907.98,2,10,1529.65,3,11,2059.81,3,11,2562.23
P00115,GENE0115,Protein description 115,GENE0115_HUMAN,0.486408,0.965574,3,8,33887.76,3,8,32126.69,1,9,33899.82,3,8,53011.58,3,7,44452.73,3,9,30750.03,3,9,42536.19,1,8,19513.74,0,0,
P00116,GENE0116,Protein description 116,GENE0116_HUMAN,0.342237,0.931257,3,12,8263.01,2,12,11035.48,0,0,,1,10,20818.8,2,10,17493.04,3,12,19726.05,1,10,8957.52,1,12,12784.69,2,12,9157.07
P00117,GENE0117,Protein description 117,GENE0117_HUMAN,0.000408,0.108836,3,7,37803.11,3,5,24196.45,4,7,50414.43,2,5,762586.12,3,7,226447.11,4,7,764512.06,3,6,306883.14,2,7,210566.63,0,0,
P00118,GENE0118,Protein description 118,GENE0118_HUMAN,0.471083,0.956515,5,13,23668.5,7,12,28514.77,5,11,46397.3,5,11,41334.91,5,12,31174.74,6,13,42788.84,6,13,42530.53,5,13,24084.45,5,12,21277.51
P00119,GENE0119,Protein description 119,GENE0119_HUMAN,0.20143,0.839293,5,7,598671.46,7,6,535379.79,6,5,625552.05,7,5,708226.28,6,6,502332.63,5,6,642455.58,5,5,230586.17,7,5,406671.77,5,6,259727.13
P00120,GENE0120,Protein description 120,GENE0120_HUMAN,0.008699,0.165692,0,7,23579.25,2,7,32992.86,2,9,22614.57,2,9,119688.03,1,7,86997.9,1,7,132011.13,0,8,61398.16,1,7,79721.39,2,7,126097.98
P00121,GENE0121,Protein description 121,GENE0121_HUMAN,0.592528,0.961506,0,0,,2,2,4598.4,1,3,7287.75,2,1,9362.56,1,3,7296.04,0,2,5487.2,2,3,7591.11,0,2,4241.87,0,2,4476.24
P00122,GENE0122,Protein description 122,GENE0122_HUMAN,0.782198,0.970168,5,12,50740.94,3,12,87575.4,3,13,46807.88,3,13,54627.43,5,12,42464.07,5,14,38978.58,4,13,55452.08,4,12,29330.5,5,14,29580.27
P00123,GENE0123,Protein description 123,GENE0123_HUMAN,0.853166,0.987746,5,9,36586.39,7,9,39736.24,7,11,65763.22,6,10,51842.82,0,0,,6,11,61347.79,5,10,39136.36,6,9,37103.12,6,10,54446.43
P00124,GENE0124,Protein description 124,GENE0124_HUMAN,0.668163,0.961386,5,4,430811.47,5,4,280161.36,5,4,485246.66,4,4,243562.91,5,6,366509.66,3,4,356056.94,3,5,250755.88,3,4,446083.99,4,6,486986.68
P00125,GENE0125,Protein description 125,GENE0125_HUMAN,0.893542,0.985978,7,1,192852.95,6,3,256535.54,5,2,321850.53,5,3,228367.76,5,3,170749.45,7,3,267490.63,0,0,,6,1,110074.86,7,3,87408.23
P00126,GENE0126,Protein description 126,GENE0126_HUMAN,0.557789,0.967964,6,14,80671.48,5,14,54431.4,6,12,36468.1,5,14,75730.91,5,13,107681.98,5,12,85874.9,5,14,54241.99,5,12,66462.05,6,12,90502.36
P00127,GENE0127,Protein description 127,GENE0127_HUMAN,0.710432,0.966574,6,3,198003.35,6,1,578139.93,4,3,317400.25,6,1,266768.26,6,1,631067.97,4,2,686673.1,5,1,251144.57,5,1,341524.36,5,2,189667.14
P00128,GENE0128,Protein description 128,GENE0128_HUMAN,0.002815,0.132463,4,8,4242.7,3,7,4269.51,5,9,2976.85,5,7,1080.44,4,9,596.02,5,8,1209.86,3,7,1158.96,0,0,,5,8,1081.87
P00129,GENE0129,Protein description 129,GENE0129_HUMAN,0.824846,0.9805,2,3,6858.46,1,2,16810.3,0,1,11823.12,2,1,19006.04,2,1,16864.55,0,2,12196.97,0,1,10563.51,1,3,7636.92,1,3,6678.11
P00130,GENE0130,Protein description 130,GENE0130_HUMAN,0.751851,0.963912,0,0,,3,10,10819.27,1,12,10968.56,1,10,15632.09,2,11,5841.68,2,11,6485.91,1,12,6195.34,3,10,6252.92,3,11,10863.83
P00131,GENE0131,Protein description 131,GENE0131_HUMAN,0.902414,0.984899,7,4,14308.6,0,0,,5,3,15983.67,6,3,16790.75,0,0,,6,3,17900.64,5,5,9543.57,6,4,10439.78,0,0,
P00132,GENE0132,Protein description 132,GENE0132_HUMAN,0.472855,0.957681,3,8,3874.74,2,7,3419.19,4,8,2795.08,0,0,,3,6,5056.09,2,6,4201.66,3,6,3966.56,4,7,1682.63,4,8,1957.24
P00133,GENE0133,Protein description 133,GENE0133_HUMAN,0.953482,0.994505,5,8,155844.65,5,9,76473.7,6,8,166288.53,5,9,94553.91,7,9,107439.19,5,10,115782.01,6,10,71148.69,7,8,88734.76,6,10,92817.06
P00134,GENE0134,Protein description 134,GENE0134_HUMAN,0.400287,0.928201,3,5,23820.33,2,6,21631.03,3,7,31247.48,3,6,27333.57,4,6,39254.0,4,6,61940.42,2,7,13730.23,3,5,23781.19,3,6,19857.57
P00135,GENE0135,Protein description 135,GENE0135_HUMAN,0.07019,0.545169,1,10,1837.47,1,10,2377.92,0,0,,1,9,3083.75,2,11,4914.33,0,11,4334.83,1,10,1947.12,1,11,3380.83,1,11,3929.96
P00136,GENE0136,Protein description 136,GENE0136_HUMAN,0.182115,0.818497,5,7,6930.63,6,7,5752.49,4,7,8254.56,4,8,4397.65,4,9,8669.6,4,9,9307.13,6,7,14252.7,5,8,4462.68,6,7,5133.39
P00137,GENE0137,Protein description 137,GENE0137_HUMAN,0.558266,0.964606,8,8,53873.31,6,8,62003.19,8,6,94563.04,7,7,67062.69,8,8,51441.39,8,7,79679.42,6,8,48962.52,7,8,44612.78,7,8,97337.43
P00138,GENE0138,Protein description 138,GENE0138_HUMAN,0.014588,0.22883,4,6,142120.0,4,7,214383.88,5,6,128138.03,4,5,96520.27,5,7,89324.15,3,5,220496.74,4,6,123216.47,3,5,161062.07,3,5,115371.98
P00139,GENE0139,Protein description 139,GENE0139_HUMAN,0.157394,0.812357,0,6,1423664.71,0,6,850115.83,2,6,1248555.22,0,6,1569600.35,2,7,1607954.3,1,6,769741.19,0,8,749376.79,2,7,842583.31,1,8,1161096.93
P00140,GENE0140,Protein description 140,GENE0140_HUMAN,0.374077,0.926507,2,5,4185217.45,4,6,4899208.69,2,6,4759269.36,3,7,5257979.66,3,6,6753456.11,2,6,8608230.23,3,5,7110988.26,3,5,4018905.62,2,6,3265623.07
P00141,GENE0141,Protein description 141,GENE0141_HUMAN,0.624297,0.962308,7,8,108539.81,7,8,76901.05,8,10,49381.36,8,8,93272.33,7,9,72246.92,7,8,63654.83,7,9,84815.76,6,8,57415.48,7,9,60581.49
P00142,GENE0142,Protein description 142,GENE0142_HUMAN,0.002156,0.156782,2,11,6088.8,3,11,7000.94,3,12,5798.38,2,10,1761.37,3,11,3319.57,4,11,2182.5,2,12,2776.9,4,11,2812.36,4,10,1808.32
P00143,GENE0143,Protein description 143,GENE0143_HUMAN,0.574864,0.964133,0,8,564.62,2,10,1352.02,0,9,822.41,1,10,939.09,2,8,643.86,0,8,1125.06,2,10,824.36,2,8,820.76,2,9,1474.52
P00144,GENE0144,Protein description 144,GENE0144_HUMAN,0.663146,0.968096,5,1,68394.03,7,2,51267.05,5,3,35703.9,5,2,56944.73,7,1,47971.32,5,2,86446.66,5,2,43172.08,6,3,82780.65,5,1,50570.11
P00145,GENE0145,Protein description 145,GENE0145_HUMAN,0.763659,0.966658,2,13,11321.77,1,13,6190.68,2,13,6392.79,3,13,8911.06,3,12,12223.11,2,13,5315.59,3,13,4648.92,3,11,6073.95,0,0,
P00146,GENE0146,Protein description 146,GENE0146_HUMAN,0.660479,0.965965,1,13,12660.39,0,12,11469.47,0,0,,2,11,18722.96,2,12,18613.79,2,12,18710.01,1,12,18467.1,2,13,9741.06,0,0,
P00147,GENE0147,Protein description 147,GENE0147_HUMAN,0.250083,0.881349,5,13,7318.11,0,0,,4,11,8345.81,5,11,18782.47,5,13,13912.26,5,13,12719.87,6,11,8602.81,6,12,8027.65,5,11,6252.23
P00148,GENE0148,Protein description 148,GENE0148_HUMAN,0.99736,0.99736,2,1,14212.85,3,3,23222.32,3,3,32324.43,4,2,38860.58,2,3,39807.72,4,2,34165.61,0,0,,4,2,27457.97,4,2,30703.89
P00149,GENE0149,Protein description 149,GENE0149_HUMAN,0.888249,0.984209,0,11,180052.66,2,11,304431.45,0,11,258004.75,1,11,291521.92,0,11,282028.22,1,12,407283.37,1,11,223373.88,0,11,208266.3,1,11,216314.39
P00150,GENE0150,Protein description 150,GENE0150_HUMAN,0.373519,0.927997,2,8,41192.18,1,8,44201.73,0,0,,2,8,80409.44,2,7,61461.13,0,8,132902.96,2,8,27764.98,0,9,46711.91,1,7,31978.29
P00151,GENE0151,Protein description 151,GENE0151_HUMAN,0.02919,0.382815,3,13,17867.19,2,13,24582.09,2,13,20907.52,0,0,,0,0,,3,11,28830.6,2,13,15610.56,2,12,17871.83,0,0,
P00152,GENE0152,Protein description 152,GENE0152_HUMAN,0.528708,0.970107,1,12,6894.43,0,0,,2,12,9755.54,2,13,4976.57,1,12,6939.47,3,12,5452.16,2,13,2698.74,3,13,4384.5,2,12,6032.48
P00153,GENE0153,Protein description 153,GENE0153_HUMAN,0.86519,0.987378,2,13,1141.1,0,0,,1,13,1796.54,0,0,,1,12,1032.0,0,12,1642.71,0,14,1179.87,2,14,1409.78,1,14,1251.8
P00154,GENE0154,Protein description 154,GENE0154_HUMAN,0.821943,0.979962,3,4,13877.15,2,4,9417.65,4,3,12836.06,4,4,21541.49,4,4,12418.66,2,2,15026.78,3,3,13316.69,3,4,9727.16,3,3,12105.51
P00155,GENE0155,Protein description 155,GENE0155_HUMAN,0.897557,0.987683,5,9,29217.97,0,0,,7,9,41255.15,5,9,38052.71,7,9,41450.97,6,10,25681.36,5,8,20411.32,5,8,26993.82,7,8,27959.13
P00156,GENE0156,Protein description 156,GENE0156_HUMAN,0.969516,0.996932,3,12,1552224.09,4,12,631930.99,3,12,371381.54,2,11,477291.78,2,10,705184.73,2,10,1083845.55,3,10,477738.71,4,10,639627.06,3,11,495184.01
P00157,GENE0157,Protein description 157,GENE0157_HUMAN,0.713028,0.960307,0,0,,1,10,52602.86,2,10,33162.55,1,9,43083.9,1,9,44590.52,2,8,62470.59,0,8,55560.08,1,8,25349.04,1,9,38564.6
P00158,GENE0158,Protein description 158,GENE0158_HUMAN,0.162398,0.811988,7,13,239999.38,6,11,132071.16,7,13,235409.94,6,11,260447.68,8,13,249915.78,6,12,183447.67,7,13,221189.6,8,12,137471.83,6,11,157828.25
P00159,GENE0159,Protein description 159,GENE0159_HUMAN,0.036413,0.42839,6,11,13965.07,4,10,15479.89,4,10,8127.53,5,11,19658.16,6,12,28192.44,4,11,22107.17,6,12,12495.14,4,12,10724.68,4,10,18974.9
P00160,GENE0160,Protein description 160,GENE0160_HUMAN,0.151407,0.79688,8,2,5646.12,6,2,2743.18,7,1,5357.03,8,1,4956.86,8,1,3881.61,6,1,4568.66,7,2,7980.36,8,3,4189.42,6,1,2417.25
P00161,GENE0161,Protein description 161,GENE0161_HUMAN,0.2011,0.846736,4,3,6807.42,5,3,5627.55,6,4,9474.8,6,5,12501.93,6,4,6554.37,6,5,6416.65,5,4,6808.67,4,4,8703.45,5,3,4394.88
P00162,GENE0162,Protein description 162,GENE0162_HUMAN,0.06139,0.533829,5,11,8280.98,5,9,12076.49,5,11,8467.7,0,0,,3,10,11866.16,3,11,14225.44,5,10,7527.72,5,10,7811.18,5,9,13742.42
P00163,GENE0163,Protein description 163,GENE0163_HUMAN,0.453452,0.942237,4,5,1406428.52,4,7,1008168.9,3,6,1184455.47,5,5,3162336.98,3,7,1357969.66,4,6,2120224.49,3,7,986140.64,5,7,1137575.77,3,6,1347514.85
P00164,GENE0164,Protein description 164,GENE0164_HUMAN,0.783878,0.969246,0,5,9789.37,2,7,5089.61,2,5,12370.51,0,0,,0,5,9728.55,2,6,9983.48,2,6,5881.13,2,6,7786.21,2,7,7936.39
P00165,GENE0165,Protein description 165,GENE0165_HUMAN,0.004252,0.136057,4,14,157693.41,2,12,101316.71,4,12,103941.41,4,12,80955.48,2,14,228920.93,2,14,197007.64,3,14,159458.28,4,14,118481.01,2,14,109680.8
P00166,GENE0166,Protein description 166,GENE0166_HUMAN,0.803626,0.977053,5,3,11203.02,5,3,3630.28,3,2,8394.53,4,3,9484.53,5,3,6915.01,3,4,12345.35,4,2,2315.7,5,3,5241.21,5,4,6483.17
P00167,GENE0167,Protein description 167,GENE0167_HUMAN,0.925307,0.986994,2,8,144795.48,2,8,159452.95,3,9,129864.98,4,8,151208.97,4,8,210856.85,2,7,188235.26,2,8,89441.23,2,8,98461.76,2,8,204188.69
P00168,GENE0168,Protein description 168,GENE0168_HUMAN,0.151986,0.794698,5,7,64525.64,6,5,94358.81,7,7,59510.74,5,5,47530.24,7,6,93020.11,5,5,103477.07,6,6,46101.94,5,7,58497.37,5,7,40796.62
P00169,GENE0169,Protein description 169,GENE0169_HUMAN,0.021346,0.304945,6,1,17896.16,7,1,28313.46,6,2,13862.45,6,2,26410.44,6,2,34700.0,6,1,28055.59,7,3,14092.39,6,3,27757.08,8,3,20199.81
P00170,GENE0170,Protein description 170,GENE0170_HUMAN,0.479365,0.95873,5,7,38960.76,5,6,20389.61,5,6,39181.36,5,7,62472.27,5,5,38674.66,5,5,71344.7,4,5,16450.82,3,6,20457.54,4,6,17883.86
P00171,GENE0171,Protein description 171,GENE0171_HUMAN,0.86853,0.98837,5,7,14749.58,7,7,13403.66,6,6,12916.89,5,6,14454.04,7,7,12739.99,7,8,8770.31,7,7,12624.2,6,7,9964.62,6,6,12226.18
P00172,GENE0172,Protein description 172,GENE0172_HUMAN,0.736831,0.963178,1,7,72371.32,2,8,69608.85,1,8,83328.72,2,7,130580.27,1,7,122072.05,2,7,55165.45,2,8,71567.65,1,7,74476.06,3,7,57076.14
P00173,GENE0173,Protein description 173,GENE0173_HUMAN,0.034699,0.414318,6,3,16404.12,7,5,13802.49,6,4,9637.88,6,5,18695.29,8,4,21033.69,8,5,20099.29,8,3,9895.38,6,5,11216.38,7,4,9795.43
P00174,GENE0174,Protein description 174,GENE0174_HUMAN,0.673264,0.960092,4,12,2609.73,6,10,5535.8,0,0,,4,10,10396.45,4,11,5798.24,4,12,2407.38,4,10,4015.56,5,10,5195.14,6,12,3013.06
P00175,GENE0175,Protein description 175,GENE0175_HUMAN,0.817745,0.979335,6,5,3018.03,7,6,3803.96,7,6,5562.21,7,7,3769.7,6,6,5957.92,6,7,5680.9,7,6,2087.62,6,7,1685.91,6,5,2183.02
P00176,GENE0176,Protein description 176,GENE0176_HUMAN,0.27105,0.874354,6,9,23102.49,5,9,55613.88,6,9,70229.12,6,10,41158.52,4,8,50805.43,5,10,67070.97,5,8,45436.8,5,10,68356.53,5,9,57719.32
P00177,GENE0177,Protein description 177,GENE0177_HUMAN,0.653413,0.964448,5,10,326440.1,7,8,377105.2,5,9,698998.88,5,10,616677.98,6,9,1063376.59,5,9,612164.3,7,9,448623.29,7,8,311303.66,6,8,441645.96
P00178,GENE0178,Protein description 178,GENE0178_HUMAN,0.493949,0.963803,5,8,33539.99,5,10,53189.71,5,9,39102.73,5,9,64795.12,3,8,60197.47,4,10,34629.44,4,10,20941.29,4,9,50853.4,4,9,23712.83
P00179,GENE0179,Protein description 179,GENE0179_HUMAN,0.205629,0.843606,8,8,43643.12,6,8,28434.22,8,9,35455.76,6,9,27904.61,8,8,20824.44,7,7,20355.55,6,9,25598.22,7,8,16450.72,8,7,35975.06
P00180,GENE0180,Protein description 180,GENE0180_HUMAN,0.901509,0.985256,6,6,160307.05,5,6,59571.04,4,5,50930.97,4,6,51643.44,5,5,65915.56,6,4,40059.46,5,5,55504.25,4,5,34448.14,5,5,50771.72
P00181,GENE0181,Protein description 181,GENE0181_HUMAN,0.223008,0.833676,5,7,342727.53,5,8,234646.23,3,9,328527.17,5,8,608340.07,5,7,227181.21,4,8,289584.66,4,9,365853.84,5,7,503125.19,5,7,302190.94
P00182,GENE0182,Protein description 182,GENE0182_HUMAN,0.840475,0.985895,2,7,53827.48,1,8,54525.86,1,9,32624.99,1,7,110596.24,2,9,53996.83,2,9,63406.32,2,9,66025.28,2,9,71864.24,1,9,51775.79
P00183,GENE0183,Protein description 183,GENE0183_HUMAN,0.701655,0.969472,6,2,19502.84,8,1,20753.87,8,2,20032.42,6,3,29954.52,7,1,27705.9,6,1,23043.32,8,1,14780.37,6,2,19511.79,8,3,17160.21
P00184,GENE0184,Protein description 184,GENE0184_HUMAN,0.220909,0.833619,2,11,273418.11,1,11,244490.67,1,10,98674.83,0,10,190740.81,2,11,255343.08,1,11,265061.48,0,11,278979.03,0,12,203212.07,0,12,275042.38
P00185,GENE0185,Protein description 185,GENE0185_HUMAN,0.711323,0.964506,1,8,71751.75,0,8,107489.26,0,8,87437.37,0,8,65784.95,2,7,82129.08,0,6,70193.12,0,8,64057.55,0,6,63697.46,0,7,57557.09
P00186,GENE0186,Protein description 186,GENE0186_HUMAN,0.026005,0.358689,1,6,485636.87,1,5,486086.55,2,6,396974.64,0,5,530027.26,1,6,242541.68,1,6,934368.92,2,5,434585.5,0,6,917838.01,0,6,298458.2
P00187,GENE0187,Protein description 187,GENE0187_HUMAN,0.236272,0.847611,1,1,32774.16,1,2,34695.38,2,3,45435.06,1,2,65719.55,1,3,56356.86,1,2,53928.0,2,2,36455.1,2,2,16778.72,2,1,43296.18
P00188,GENE0188,Protein description 188,GENE0188_HUMAN,0.285405,0.898913,1,4,3671.56,1,4,4924.08,3,6,7868.85,1,6,5517.37,1,5,6141.26,1,4,4055.72,1,5,3260.76,3,5,2856.91,1,4,4900.06
P00189,GENE0189,Protein description 189,GENE0189_HUMAN,0.88919,0.983889,4,6,1727.5,3,6,2135.32,5,6,2120.21,3,7,4809.58,3,8,3600.94,4,6,2907.82,5,6,1468.78,3,7,1897.49,5,8,2710.29
P00190,GENE0190,Protein description 190,GENE0190_HUMAN,0.915387,0.986941,3,13,386411.5,3,13,561059.24,3,13,417612.38,3,13,1009840.58,3,11,1050647.84,3,12,767711.53,2,12,465515.51,1,13,298687.51,2,12,185110.71
P00191,GENE0191,Protein description 191,GENE0191_HUMAN,0.270992,0.877707,4,10,594023.93,5,11,942594.97,3,9,488482.3,3,11,1328500.61,4,11,673996.18,5,9,415932.12,4,10,480864.83,3,10,387138.29,3,11,880776.91
P00192,GENE0192,Protein description 192,GENE0192_HUMAN,0.474659,0.956491,4,8,24427.8,5,7,13568.58,3,6,38280.82,4,6,37966.53,4,6,30619.65,5,6,16790.98,3,8,19280.75,5,7,38690.29,4,6,34575.18
P00193,GENE0193,Protein description 193,GENE0193_HUMAN,0.981623,0.997838,3,2,17076.5,4,3,9588.84,3,2,15732.46,3,4,25031.43,5,4,13884.55,4,2,14894.9,3,4,24083.36,4,3,13412.48,4,3,10930.11
P00194,GENE0194,Protein description 194,GENE0194_HUMAN,0.665978,0.9617,1,5,360894.6,2,6,262502.19,1,4,289663.37,1,4,879137.93,2,4,629239.3,1,4,561090.92,2,4,323215.09,2,4,633732.51,1,6,455436.59
P00195,GENE0195,Protein description 195,GENE0195_HUMAN,0.069712,0.557699,3,12,4925.75,4,12,4502.64,4,12,3000.64,4,14,8327.77,5,12,3883.76,3,13,7164.27,3,13,5267.17,3,12,7000.42,3,13,5766.15
P00196,GENE0196,Protein description 196,GENE0196_HUMAN,0.391432,0.934763,3,3,5029.93,4,3,6549.91,3,2,9915.18,3,2,13251.41,3,4,5288.66,4,4,5285.26,0,0,,2,4,6423.38,4,2,6934.13
P00197,GENE0197,Protein description 197,GENE0197_HUMAN,0.421438,0.936529,3,9,79534.41,5,9,189019.39,5,10,111411.58,5,9,113634.29,3,11,101132.95,3,11,117367.31,5,11,99370.95,4,9,113811.16,5,9,168492.79
P00198,GENE0198,Protein description 198,GENE0198_HUMAN,0.306397,0.897866,2,7,21007.34,1,7,21391.9,2,8,17938.02,0,7,15880.86,0,0,,2,8,19580.01,0,8,22649.85,2,7,9821.27,0,8,8826.08
P00199,GENE0199,Protein description 199,GENE0199_HUMAN,0.519913,0.965036,6,3,38461.16,7,4,44335.46,8,4,36397.54,7,5,44616.49,7,5,36630.47,8,5,36356.44,8,4,32403.25,8,4,21405.77,7,5,34709.89
P00200,GENE0200,Protein description 200,GENE0200_HUMAN,0.736021,0.966858,5,14,30626.02,7,14,30989.11,6,12,30691.5,6,13,44593.49,5,12,30843.9,6,14,40661.51,5,14,21750.12,6,12,22662.89,6,13,20784.94
P00201,GENE0201,Protein description 201,GENE0201_HUMAN,0.691501,0.970527,3,7,71265.15,2,6,63013.21,2,8,79474.17,4,7,77191.49,3,7,57452.6,3,6,83358.78,2,7,83062.75,2,7,47179.31,2,7,48809.19
P00202,GENE0202,Protein description 202,GENE0202_HUMAN,0.351548,0.940597,3,10,439820.3,2,10,327829.07,3,9,298610.65,3,10,618295.67,3,9,260794.42,4,11,414900.65,3,9,542616.9,2,10,359497.64,4,10,407740.54
P00203,GENE0203,Protein description 203,GENE0203_HUMAN,0.73664,0.964504,0,0,,3,2,46613.63,4,3,29119.04,4,3,41784.91,4,3,74188.67,2,2,56168.18,2,3,28338.51,3,4,35696.13,2,2,38554.69
P00204,GENE0204,Protein description 204,GENE0204_HUMAN,0.534074,0.964468,7,13,142767.97,6,13,92397.31,8,13,179031.47,8,15,151866.73,6,14,60780.88,8,15,145996.03,7,15,72576.91,7,14,110435.9,8,14,135359.56
P00205,GENE0205,Protein description 205,GENE0205_HUMAN,0.769513,0.963397,5,2,1230.17,6,3,1321.24,6,1,920.46,6,3,878.23,6,2,1093.13,0,0,,4,2,605.91,4,2,698.19,5,1,1188.94
P00206,GENE0206,Protein description 206,GENE0206_HUMAN,0.113889,0.711806,5,7,34007.41,3,7,34042.28,4,5,24944.45,4,5,50930.14,4,5,38565.06,4,5,41247.87,5,7,29962.91,5,6,41118.88,4,7,16325.01
P00207,GENE0207,Protein description 207,GENE0207_HUMAN,0.009503,0.172782,6,14,6241.88,5,13,8287.1,6,14,7670.81,6,13,2668.43,4,12,1653.85,5,12,1545.0,5,14,2040.78,6,13,1594.57,5,12,924.61
P00208,GENE0208,Protein description 208,GENE0208_HUMAN,0.39465,0.928588,2,9,3937.4,2,10,5023.61,0,0,,0,9,4566.36,1,9,4366.23,1,10,4267.16,2,9,2954.02,0,11,7318.58,1,9,2752.49
P00209,GENE0209,Protein description 209,GENE0209_HUMAN,0.351803,0.931928,6,9,4940.31,6,9,7747.07,5,10,8970.49,6,9,8209.71,7,9,4141.84,5,11,10058.75,7,10,4740.34,6,11,4579.71,6,10,6945.34
P00210,GENE0210,Protein description 210,GENE0210_HUMAN,0.698034,0.966137,6,6,15114.88,6,6,8976.97,6,6,30709.21,6,5,16758.53,5,6,20188.93,6,6,19164.07,6,5,15201.23,5,5,14373.88,6,6,14438.63
P00211,GENE0211,Protein description 211,GENE0211_HUMAN,0.557129,0.97528,2,11,212002.72,3,13,191519.18,2,11,168132.2,2,13,276467.06,3,11,146796.22,2,11,167208.29,3,11,146447.85,4,13,91264.22,2,12,201628.44
P00212,GENE0212,Protein description 212,GENE0212_HUMAN,0.385892,0.92986,6,14,4479.03,5,14,2664.26,5,14,1891.08,6,15,7673.38,5,15,3274.08,5,14,3758.14,4,14,3190.56,6,15,3353.75,6,15,2787.78
P00213,GENE0213,Protein description 213,GENE0213_HUMAN,0.536302,0.964139,2,11,45590.0,1,11,37225.52,2,9,36613.79,0,9,82038.25,2,10,44485.03,2,10,46263.23,1,10,33356.59,0,9,36314.48,1,11,35911.78
P00214,GENE0214,Protein description 214,GENE0214_HUMAN,0.704393,0.969904,4,3,14346.01,5,3,13528.65,3,3,13738.98,5,5,17195.08,4,3,12719.29,3,5,19452.78,4,4,13378.19,3,4,15911.8,3,5,14715.77
P00215,GENE0215,Protein description 215,GENE0215_HUMAN,0.675127,0.961036,6,13,14846.99,8,13,16321.7,8,14,18831.25,6,12,27681.28,8,14,29185.14,7,12,27246.4,7,14,19556.21,8,13,28890.86,8,12,16423.45
P00216,GENE0216,Protein description 216,GENE0216_HUMAN,0.760674,0.965935,7,2,105101.94,5,2,163591.99,7,2,228861.04,7,1,191894.65,7,1,208324.36,6,1,227647.73,5,1,184254.5,6,2,103035.89,7,2,245580.46
P00217,GENE0217,Protein description 217,GENE0217_HUMAN,0.851475,0.987217,0,13,105265.82,1,14,85161.67,1,13,109870.19,2,12,99928.49,0,12,120416.94,0,14,143116.19,1,13,83825.44,2,14,63507.0,0,12,70556.68
P00218,GENE0218,Protein description 218,GENE0218_HUMAN,0.739392,0.960249,4,2,200491.65,6,1,321486.36,6,1,362801.78,6,1,366259.36,6,2,427006.28,6,3,271401.23,6,3,305696.69,5,1,363877.39,6,3,245445.63
P00219,GENE0219,Protein description 219,GENE0219_HUMAN,0.180139,0.828226,6,2,30854.55,5,1,27964.8,6,2,34154.36,5,2,29078.16,6,1,41767.49,5,2,16091.72,6,3,21651.56,6,2,25763.39,5,1,13890.08
P00220,GENE0220,Protein description 220,GENE0220_HUMAN,0.846579,0.987264,4,1,10601.44,4,3,10154.9,5,3,8154.31,5,2,13103.33,3,3,7552.35,3,3,5212.02,5,1,10716.53,4,2,5640.88,5,3,8600.95
P00221,GENE0221,Protein description 221,GENE0221_HUMAN,0.332023,0.931995,3,5,23200.13,4,3,29722.03,2,5,15121.66,2,3,22275.47,0,0,,2,3,24590.56,2,3,16087.07,4,3,12796.73,3,4,28893.77
P00222,GENE0222,Protein description 222,GENE0222_HUMAN,0.665976,0.963437,6,10,29414.6,5,11,41362.41,6,10,129200.41,4,11,56149.77,4,11,44367.14,4,10,67247.9,5,12,60170.68,5,12,48498.67,4,12,41135.72
P00223,GENE0223,Protein description 223,GENE0223_HUMAN,0.99097,0.995949,4,6,41710.59,2,6,41186.15,4,8,37585.81,2,7,66609.53,4,8,29744.84,4,7,84793.3,2,7,48159.41,2,7,38356.05,2,8,31620.1
P00224,GENE0224,Protein description 224,GENE0224_HUMAN,0.294642,0.882823,8,2,5984.44,6,3,7206.51,6,2,4021.25,8,3,12014.2,7,2,6673.2,7,4,5036.52,6,4,5588.04,8,2,6949.98,6,3,7428.72
P00225,GENE0225,Protein description 225,GENE0225_HUMAN,0.270211,0.878735,5,5,22318.04,5,5,22448.21,6,7,23920.22,7,7,90407.02,5,6,38561.12,7,6,33510.49,7,7,42938.7,6,5,20981.77,7,7,42823.77
P00226,GENE0226,Protein description 226,GENE0226_HUMAN,0.182163,0.814138,6,14,55434.13,8,13,38860.82,8,14,49544.38,8,14,33680.03,6,15,76833.74,8,14,75334.39,6,14,28249.14,6,13,48132.86,6,13,64783.89
P00227,GENE0227,Protein description 227,GENE0227_HUMAN,0.984078,0.999064,4,9,2419435.87,4,8,1863288.65,4,9,1816563.55,3,8,2417114.17,4,8,2480870.64,4,9,2766228.24,3,8,2156715.27,3,8,3000869.0,4,9,2105996.78
P00228,GENE0228,Protein description 228,GENE0228_HUMAN,0.426936,0.940905,4,10,639218.95,5,10,1002992.22,6,11,968609.92,4,12,535264.83,4,12,1731971.01,6,10,1332221.73,4,11,788506.32,5,12,601996.52,4,12,790518.81
P00229,GENE0229,Protein description 229,GENE0229_HUMAN,0.783865,0.970731,1,4,11033.86,3,4,6213.32,3,6,10846.01,1,6,10832.77,1,5,7794.5,2,5,7411.16,1,5,8522.12,1,6,7384.78,2,4,7602.29
P00230,GENE0230,Protein description 230,GENE0230_HUMAN,0.04924,0.525221,6,8,16246.68,7,8,15105.9,5,9,28797.16,6,9,30287.96,6,9,28712.73,6,9,30324.78,5,8,17889.22,7,8,27777.45,7,9,18576.03
P00231,GENE0231,Protein description 231,GENE0231_HUMAN,0.180424,0.824795,6,12,2817.88,6,12,3310.44,6,11,3179.57,7,12,5169.19,5,12,3293.72,7,11,3767.98,6,13,1520.45,6,13,2016.03,6,13,2132.03
P00232,GENE0232,Protein description 232,GENE0232_HUMAN,0.063184,0.543522,5,10,7472.42,7,10,8132.14,5,11,7307.17,7,9,11270.81,5,9,27115.42,7,10,19300.86,6,11,7636.21,6,11,13119.99,7,10,9532.44
P00233,GENE0233,Protein description 233,GENE0233_HUMAN,0.815635,0.982693,2,1,32802.98,0,3,53656.49,0,2,80105.91,2,1,94637.43,2,3,51959.72,0,2,54787.19,1,3,29422.27,2,2,60278.03,0,3,60303.05
P00234,GENE0234,Protein description 234,GENE0234_HUMAN,0.106553,0.687442,4,8,229559.19,5,10,178698.83,3,8,190689.24,5,8,264456.77,4,8,401418.96,4,8,290911.58,5,8,88097.21,4,9,279263.51,5,8,304125.3
P00235,GENE0235,Protein description 235,GENE0235_HUMAN,0.923162,0.987339,2,12,6594.98,1,13,18755.26,3,12,14184.01,2,13,10063.74,1,11,11094.21,3,11,9601.02,1,12,9795.18,2,13,9581.31,2,11,16098.43
P00236,GENE0236,Protein description 236,GENE0236_HUMAN,0.663757,0.965465,7,4,19358.7,8,3,9862.11,7,2,11047.81,6,4,10184.84,8,4,26500.93,7,3,16793.45,7,3,19319.19,8,3,10847.13,8,4,14709.1
P00237,GENE0237,Protein description 237,GENE0237_HUMAN,0.909538,0.985949,5,7,599.77,3,8,854.74,5,7,847.95,0,0,,0,0,,3,8,766.45,4,7,973.77,5,8,1031.71,3,8,891.53
P00238,GENE0238,Protein description 238,GENE0238_HUMAN,0.408859,0.937212,5,11,46655.84,6,11,17539.16,5,10,18439.61,4,11,24796.44,4,10,34004.13,5,10,29889.33,4,11,22737.11,5,9,13860.95,6,9,28818.75
P00239,GENE0239,Protein description 239,GENE0239_HUMAN,0.525658,0.971192,5,2,5258.09,4,2,4706.95,4,2,5824.71,0,0,,5,2,18590.56,0,0,,3,2,4798.18,5,3,3774.0,4,3,8474.62
P00240,GENE0240,Protein description 240,GENE0240_HUMAN,0.027572,0.373861,0,11,10815.47,0,11,11574.07,0,0,,0,11,23723.96,2,12,17346.72,1,12,17950.13,0,12,6282.16,0,11,11763.53,0,10,16512.44
P00241,GENE0241,Protein description 241,GENE0241_HUMAN,0.465906,0.955704,6,13,6221.35,5,14,16462.76,6,13,6535.74,5,12,8525.19,5,14,4700.31,0,0,,6,13,3757.2,5,14,5724.1,4,14,8973.72
P00242,GENE0242,Protein description 242,GENE0242_HUMAN,0.590717,0.960515,6,8,24245.97,6,9,35551.66,4,9,28164.93,0,0,,6,9,42107.29,6,9,15933.4,0,0,,5,8,37822.63,4,9,16094.63
P00243,GENE0243,Protein description 243,GENE0243_HUMAN,0.10059,0.693725,0,0,,2,7,1268.38,2,7,857.93,4,8,908.72,3,6,1780.38,0,0,,3,7,1748.29,3,8,889.17,4,7,1598.39
P00244,GENE0244,Protein description 244,GENE0244_HUMAN,0.981235,0.998713,6,3,1377.89,4,2,3279.86,6,2,2140.45,5,3,2716.0,6,2,2829.25,6,3,3605.01,5,2,2542.05,6,4,2079.73,4,2,2306.32
P00245,GENE0245,Protein description 245,GENE0245_HUMAN,0.004391,0.135108,2,10,608762.77,3,11,1014262.98,3,11,1179300.06,4,11,1696182.98,4,12,1168143.33,3,12,781118.73,4,11,1539494.98,3,10,1610447.14,4,10,891283.28
P00246,GENE0246,Protein description 246,GENE0246_HUMAN,0.267451,0.873308,5,13,2075.27,4,13,2307.37,6,15,3710.17,5,14,2592.33,0,0,,5,13,4021.32,0,0,,5,13,1966.33,0,0,
P00247,GENE0247,Protein description 247,GENE0247_HUMAN,0.615622,0.960034,4,14,4604.82,4,12,6205.11,4,13,3133.27,3,14,9275.16,3,13,2988.98,0,0,,4,12,4277.38,3,12,2124.63,2,14,4061.33
P00248,GENE0248,Protein description 248,GENE0248_HUMAN,0.497638,0.96162,5,8,700299.02,6,10,974333.42,5,8,890243.49,6,9,621516.29,6,9,1782603.84,5,10,1128925.25,5,9,735836.16,6,9,1066815.49,7,9,734772.08
P00249,GENE0249,Protein description 249,GENE0249_HUMAN,0.239199,0.854281,7,1,5036054.92,8,1,8882040.19,8,3,5169096.45,8,1,7421548.48,6,2,5097575.82,6,2,3813882.84,8,3,3551774.9,6,1,3781990.68,8,2,5928801.21
P00250,GENE0250,Protein description 250,GENE0250_HUMAN,0.986754,0.996721,5,5,3304.26,4,6,4530.25,3,5,2018.21,3,5,4642.92,4,4,5230.03,4,5,3815.8,3,4,2931.23,3,5,6319.14,4,5,2107.12
P00251,GENE0251,Protein description 251,GENE0251_HUMAN,0.188877,0.821206,1,5,19744.88,2,5,14486.8,2,5,19386.53,2,5,28428.91,2,5,22717.39,1,5,26691.2,1,5,8745.89,1,5,11986.35,2,6,20543.8
P00252,GENE0252,Protein description 252,GENE0252_HUMAN,0.568352,0.965354,4,3,111463.19,4,1,80455.65,4,1,54558.87,5,3,166463.91,5,1,64886.91,4,2,72223.41,4,2,70073.32,4,3,47322.96,6,3,36737.43
P00253,GENE0253,Protein description 253,GENE0253_HUMAN,0.115884,0.713133,6,3,696358.23,7,3,642204.31,8,4,821954.59,6,2,484613.23,8,2,907544.7,6,3,805038.35,6,2,668809.21,8,4,397697.17,6,2,820793.08
P00254,GENE0254,Protein description 254,GENE0254_HUMAN,0.05614,0.534664,5,8,8075.09,5,10,4327.24,6,8,4248.87,6,10,8629.22,5,10,8325.99,4,9,8315.29,5,9,2962.94,6,10,6291.41,5,8,8080.02
P00255,GENE0255,Protein description 255,GENE0255_HUMAN,0.487872,0.961324,2,3,16982.53,3,2,16357.1,3,3,22134.92,2,4,13911.17,2,2,31650.19,2,3,22421.84,4,2,17357.34,3,4,11538.17,4,3,19584.12
P00256,GENE0256,Protein description 256,GENE0256_HUMAN,0.8047,0.975394,3,2,96300.79,3,2,96810.04,3,2,106176.58,4,3,193773.02,3,3,149992.54,5,1,208235.57,3,3,84282.88,4,2,119850.32,5,1,82698.16
P00257,GENE0257,Protein description 257,GENE0257_HUMAN,0.531315,0.966027,4,14,87674.37,3,13,110235.78,2,14,58713.01,4,13,80027.59,3,13,92606.86,3,14,60394.04,4,14,85797.76,2,15,61279.6,3,15,61868.86
P00258,GENE0258,Protein description 258,GENE0258_HUMAN,0.29363,0.886432,0,0,,7,9,11725.76,6,8,11914.44,6,8,23718.91,5,10,14540.47,7,10,30013.41,7,8,10077.68,7,10,17549.51,5,10,11980.57
P00259,GENE0259,Protein description 259,GENE0259_HUMAN,0.01673,0.252524,6,13,30425.52,5,13,29904.18,7,13,29352.56,5,12,22967.45,6,11,20612.02,7,13,36838.84,7,12,33340.19,5,13,28579.48,6,12,19602.99
P00260,GENE0260,Protein description 260,GENE0260_HUMAN,0.940532,0.991338,4,6,3694.77,6,6,3560.38,6,5,2980.73,4,4,3750.06,5,6,7774.14,6,5,9088.52,4,4,3293.96,5,5,2694.15,4,6,2116.0
P00261,GENE0261,Protein description 261,GENE0261_HUMAN,0.211885,0.847538,4,6,10460.22,4,5,29530.63,3,7,17191.27,4,6,24137.54,2,6,33556.5,4,6,19609.06,4,7,14534.63,3,6,22005.26,4,6,20308.57
P00262,GENE0262,Protein description 262,GENE0262_HUMAN,0.574572,0.965667,2,8,12593.96,1,9,22791.93,1,10,24603.87,2,10,46901.26,2,10,28799.14,1,9,26722.04,2,8,16519.92,0,0,,1,10,18013.02
P00263,GENE0263,Protein description 263,GENE0263_HUMAN,0.015526,0.238866,4,9,36274.72,6,10,45768.58,5,11,53531.47,5,10,62764.92,4,11,58657.62,6,11,49276.75,5,10,62043.85,4,10,39723.32,4,11,65250.36
P00264,GENE0264,Protein description 264,GENE0264_HUMAN,0.097205,0.682137,4,7,10129.36,3,6,8153.71,4,6,10640.12,3,7,9766.68,2,6,12358.76,4,5,19982.08,2,7,13044.87,2,6,12847.68,3,5,9718.7
P00265,GENE0265,Protein description 265,GENE0265_HUMAN,0.17017,0.815183,6,14,65958.9,7,12,51469.31,7,14,88601.07,6,14,134919.7,8,14,84937.32,8,13,143990.02,7,14,68466.08,0,0,,6,14,99391.47
P00266,GENE0266,Protein description 266,GENE0266_HUMAN,0.112314,0.713104,1,10,119763.33,0,12,235435.42,2,11,165610.86,2,12,290954.56,2,12,193456.74,0,12,259127.24,1,11,93001.31,1,10,204518.01,2,11,224954.86
P00267,GENE0267,Protein description 267,GENE0267_HUMAN,0.530754,0.967205,6,3,28742.8,5,3,46893.21,5,4,20000.06,5,5,84295.63,5,4,48011.59,5,4,82444.46,7,3,41003.38,6,3,39503.36,6,4,44579.38
P00268,GENE0268,Protein description 268,GENE0268_HUMAN,0.397053,0.926072,5,2,51644.53,5,2,66493.35,6,3,69862.43,7,2,93313.26,7,2,49424.88,6,3,81067.07,6,2,50621.53,7,4,53525.54,6,2,41522.48
P00269,GENE0269,Protein description 269,GENE0269_HUMAN,0.801285,0.97569,0,0,,3,3,24554.25,3,3,29325.39,5,1,49040.59,3,1,33458.55,3,1,37972.29,3,2,35605.88,3,3,20925.55,5,1,27581.64
P00270,GENE0270,Protein description 270,GENE0270_HUMAN,0.116204,0.709644,8,11,53185.83,7,12,43348.19,7,11,25774.9,6,13,39084.14,7,12,39653.26,8,13,34791.96,7,11,37522.83,6,12,26803.52,8,13,22217.91
P00271,GENE0271,Protein description 271,GENE0271_HUMAN,0.431068,0.934565,5,11,7770.49,7,11,12846.09,6,13,10774.21,5,13,16232.82,7,12,17267.99,6,12,14912.29,7,12,10201.92,7,12,5929.98,7,12,5880.93
P00272,GENE0272,Protein description 272,GENE0272_HUMAN,0.428251,0.936068,0,8,58857.49,2,9,81353.08,0,7,102384.65,1,9,83654.7,0,8,68735.61,0,8,107930.66,0,7,62019.0,0,7,79698.24,0,7,26406.58
P00273,GENE0273,Protein description 273,GENE0273_HUMAN,0.230812,0.839316,2,11,19324.5,2,10,41055.86,4,12,20403.07,2,11,42094.29,3,12,17927.69,2,11,31619.17,4,10,28588.95,3,10,19446.54,3,11,18240.7
P00274,GENE0274,Protein description 274,GENE0274_HUMAN,0.095961,0.685439,6,13,688450.92,6,14,1656656.07,7,12,1029817.75,7,12,2280958.03,7,12,1670151.47,6,14,1761300.22,7,14,1403685.75,6,14,871991.16,5,13,1527855.42
P00275,GENE0275,Protein description 275,GENE0275_HUMAN,0.010663,0.177714,6,4,493540.07,5,5,498236.6,6,5,338988.37,6,4,586134.86,7,5,539763.68,6,3,633391.96,6,5,556051.09,5,4,442809.41,5,5,438315.51
P00276,GENE0276,Protein description 276,GENE0276_HUMAN,0.018828,0.27386,2,13,65066.27,1,14,60347.55,2,15,88543.34,3,14,74162.0,3,15,113461.16,2,15,47204.19,3,15,85845.73,3,13,40534.45,2,15,41665.27
P00277,GENE0277,Protein description 277,GENE0277_HUMAN,0.398625,0.927035,1,7,6762.44,2,8,6981.1,1,9,15909.06,1,7,12609.78,3,7,10402.59,2,7,20149.07,2,9,7574.71,3,8,8274.48,1,8,7928.39
P00278,GENE0278,Protein description 278,GENE0278_HUMAN,0.054277,0.529535,8,6,3495.67,6,7,7123.57,0,0,,0,0,,8,8,6525.39,7,6,5491.34,6,8,5567.05,6,6,4479.7,7,6,2921.74
P00279,GENE0279,Protein description 279,GENE0279_HUMAN,0.394558,0.931109,1,5,150538.69,2,4,319428.31,1,4,244802.74,1,4,249265.98,1,5,226469.13,2,4,305476.37,1,3,216396.66,2,5,298093.83,2,4,253536.53
P00280,GENE0280,Protein description 280,GENE0280_HUMAN,0.43741,0.940666,7,10,55903.16,6,11,46918.4,7,11,63405.25,8,9,53504.33,6,10,58263.82,7,11,78774.48,7,10,28925.78,8,9,58491.47,6,9,75674.44
P00281,GENE0281,Protein description 281,GENE0281_HUMAN,0.445386,0.945116,4,8,109503.17,3,9,94364.15,0,0,,5,10,64197.38,4,10,135228.78,4,8,83476.83,5,8,75260.58,4,10,78587.46,3,8,69317.37
P00282,GENE0282,Protein description 282,GENE0282_HUMAN,0.002344,0.133936,7,3,1947.88,7,1,955.29,7,1,983.85,7,2,5687.62,5,3,8891.39,5,3,7074.33,5,3,4275.08,7,1,3570.83,5,3,2492.48
P00283,GENE0283,Protein description 283,GENE0283_HUMAN,0.498715,0.961379,1,10,116749.5,1,9,277408.61,1,10,249596.78,3,11,199657.45,1,11,193613.85,2,10,101514.33,1,11,86900.43,1,9,117356.23,3,9,95336.08
P00284,GENE0284,Protein description 284,GENE0284_HUMAN,0.392317,0.934089,4,4,82826.96,2,3,85596.22,2,2,77456.85,2,2,133596.51,4,3,113156.56,2,2,96635.26,4,2,77715.51,2,4,47650.12,4,2,76122.86
P00285,GENE0285,Protein description 285,GENE0285_HUMAN,0.989527,0.99575,6,6,3852.56,7,5,5571.96,6,5,5400.1,0,0,,5,5,9120.6,7,5,6659.22,5,4,4653.4,7,6,3858.01,5,5,3982.8
P00286,GENE0286,Protein description 286,GENE0286_HUMAN,0.045369,0.490476,2,8,16513.01,0,0,,2,8,20079.58,3,9,28268.93,2,9,9477.46,1,9,27542.08,1,8,10865.51,2,9,13700.67,3,9,7469.1
P00287,GENE0287,Protein description 287,GENE0287_HUMAN,0.053879,0.538785,0,12,45028.27,2,12,60743.86,2,11,52458.75,1,13,30075.63,0,12,83688.19,1,12,60666.12,2,13,68625.91,0,11,39891.26,0,12,102951.1
P00288,GENE0288,Protein description 288,GENE0288_HUMAN,0.000781,0.156166,6,3,23301.63,5,3,52391.29,4,4,33601.46,6,2,13651.04,5,3,13174.63,6,4,12929.22,4,4,5520.77,6,2,10769.85,6,2,8345.74
P00289,GENE0289,Protein description 289,GENE0289_HUMAN,0.266019,0.872193,2,8,18725.13,1,7,16589.48,1,9,20316.46,2,7,17133.13,1,9,30615.83,0,9,32660.58,2,7,11388.55,1,8,24324.58,0,9,23581.57
P00290,GENE0290,Protein description 290,GENE0290_HUMAN,0.183786,0.812316,7,5,26535.21,8,4,27929.55,7,5,32435.52,8,4,26381.01,6,4,33775.95,0,0,,6,4,34620.85,8,5,29894.08,8,4,15666.49
P00291,GENE0291,Protein description 291,GENE0291_HUMAN,0.874485,0.98119,6,11,21824.67,6,10,15710.73,5,11,13739.13,0,0,,5,12,20285.28,6,12,27433.03,5,11,21410.98,6,11,28558.41,5,12,18242.53
P00292,GENE0292,Protein description 292,GENE0292_HUMAN,0.532729,0.966402,6,11,32427.95,5,13,34274.83,4,12,55454.43,5,12,41114.82,6,12,114414.07,5,11,85003.84,5,12,78216.86,4,13,35726.21,6,13,43188.59
P00293,GENE0293,Protein description 293,GENE0293_HUMAN,0.61579,0.958427,5,9,686605.91,3,10,627027.2,5,10,449607.68,5,9,326173.97,5,11,372255.75,4,11,478229.87,4,9,555162.09,5,11,176065.58,4,10,418574.26
P00294,GENE0294,Protein description 294,GENE0294_HUMAN,0.007961,0.159214,4,12,557.45,6,13,470.08,5,13,597.83,4,11,571.42,4,11,570.73,6,13,199.17,4,12,248.31,5,11,498.7,5,11,518.41
P00295,GENE0295,Protein description 295,GENE0295_HUMAN,0.260751,0.880172,8,8,21073.29,8,6,23884.77,6,6,17075.1,6,8,30446.84,6,8,26593.97,6,8,17024.29,6,7,21143.93,7,8,15254.03,8,8,21080.05
P00296,GENE0296,Protein description 296,GENE0296_HUMAN,0.259203,0.878654,0,8,64751.34,2,8,41672.2,1,9,38022.49,1,10,44295.44,2,9,39882.2,0,8,61973.16,1,10,34043.51,0,9,35605.22,2,10,28974.43
P00297,GENE0297,Protein description 297,GENE0297_HUMAN,0.760892,0.964681,2,5,94988.77,2,4,69560.69,1,4,50653.59,0,0,,2,6,72361.33,2,4,36053.25,2,4,94872.8,1,4,25866.78,2,5,53133.82
P00298,GENE0298,Protein description 298,GENE0298_HUMAN,0.385552,0.934672,4,13,31704.72,5,14,31952.49,5,15,21687.47,6,15,19653.46,4,14,13808.86,5,15,25823.12,6,13,8783.71,4,15,9433.43,6,13,15463.34
P00299,GENE0299,Protein description 299,GENE0299_HUMAN,0.577435,0.962392,0,4,1170.54,2,4,1693.08,0,4,1609.52,0,5,1924.98,0,5,1704.04,2,3,1292.15,2,4,991.13,0,5,671.22,0,4,964.97
P00300,GENE0300,Protein description 300,GENE0300_HUMAN,0.931904,0.991387,3,12,44038.89,2,12,48786.56,0,0,,2,14,119071.82,2,13,57511.27,2,13,113889.6,1,12,31221.76,2,13,39118.77,3,13,55028.93
P00301,GENE0301,Protein description 301,GENE0301_HUMAN,0.984677,0.998405,1,11,900044.99,2,11,563472.14,2,11,444784.36,0,10,649180.58,0,10,591602.68,0,10,1782682.84,1,12,505917.1,2,12,564836.28,1,11,487783.57
P00302,GENE0302,Protein description 302,GENE0302_HUMAN,0.127329,0.727596,2,15,2513.66,0,0,,1,13,1556.19,1,14,2507.91,0,13,4176.54,2,13,2042.83,1,15,2706.01,0,15,1735.35,0,13,1705.25
P00303,GENE0303,Protein description 303,GENE0303_HUMAN,0.555867,0.977349,3,10,93817.27,3,10,161121.09,5,9,150903.1,3,9,176623.17,5,10,178017.8,4,9,199543.36,4,9,130658.84,5,11,137430.93,4,10,130388.54
P00304,GENE0304,Protein description 304,GENE0304_HUMAN,0.007205,0.15169,6,7,14439.57,4,6,36893.02,5,7,15002.02,6,5,99965.52,5,6,68544.47,6,5,75724.16,6,6,51125.98,6,7,61629.9,5,7,62567.08
P00305,GENE0305,Protein description 305,GENE0305_HUMAN,0.782053,0.971494,2,4,35691.24,0,0,,2,4,20716.79,2,6,45121.0,2,5,42912.19,0,6,25796.63,1,5,18281.81,2,4,15303.91,2,5,54712.88
P00306,GENE0306,Protein description 306,GENE0306_HUMAN,0.920108,0.98539,7,3,5366.47,7,3,5182.86,6,5,6605.9,8,5,8559.68,6,5,7245.61,8,3,10210.86,6,5,3503.98,8,4,5129.44,7,4,5258.79
P00307,GENE0307,Protein description 307,GENE0307_HUMAN,0.728337,0.963091,5,13,12014.06,7,15,14655.79,7,14,13476.28,5,13,11092.4,6,15,20057.8,6,15,22922.43,6,13,12583.38,5,13,16117.48,7,15,14880.98
P00308,GENE0308,Protein description 308,GENE0308_HUMAN,0.689935,0.97174,4,2,314150.44,6,4,369475.05,5,2,425674.45,4,3,412804.25,5,2,537072.56,5,2,358620.03,6,2,149835.04,4,4,315905.27,5,4,288183.55
P00309,GENE0309,Protein description 309,GENE0309_HUMAN,0.054098,0.534298,1,12,72623.79,0,13,109089.05,2,11,60135.15,0,11,101296.37,1,12,107743.56,2,12,109947.85,1,12,66778.39,2,12,96609.13,2,12,53081.23
P00310,GENE0310,Protein description 310,GENE0310_HUMAN,0.544819,0.96642,4,12,426221.07,3,11,500001.68,3,12,593364.1,4,12,479889.03,5,10,440464.16,3,10,848922.85,3,12,430833.15,4,12,859993.13,5,10,808201.23
P00311,GENE0311,Protein description 311,GENE0311_HUMAN,0.598765,0.954208,7,2,583098.02,8,3,312066.09,6,2,231855.09,8,3,337054.86,7,3,616974.78,6,4,93697.48,8,2,196589.94,6,4,136690.0,7,2,256187.64
P00312,GENE0312,Protein description 312,GENE0312_HUMAN,0.696498,0.965681,1,13,84880.18,1,14,47563.65,2,12,34749.11,3,12,90432.51,2,13,84629.97,1,12,87259.19,1,13,71466.42,3,12,50040.39,1,14,56854.66
P00313,GENE0313,Protein description 313,GENE0313_HUMAN,0.583363,0.962249,4,3,691037.48,4,5,631044.44,3,5,1067725.74,5,5,558397.11,5,5,928576.51,5,5,950240.84,4,5,500282.11,3,3,917935.5,4,4,820495.35
P00314,GENE0314,Protein description 314,GENE0314_HUMAN,0.002186,0.145735,4,5,83306.86,3,5,55505.29,3,4,76781.82,5,3,356538.52,4,4,320038.44,5,5,255793.96,3,4,182881.46,3,3,170841.15,3,4,202050.75
P00315,GENE0315,Protein description 315,GENE0315_HUMAN,0.487457,0.965262,5,9,146474.21,4,9,110746.92,6,10,153851.71,4,8,211134.08,5,9,205479.17,6,9,230672.62,5,10,158742.81,6,9,104504.96,5,10,70346.12
P00316,GENE0316,Protein description 316,GENE0316_HUMAN,0.96732,0.995953,6,2,16053.52,7,3,15599.29,8,2,14750.79,7,4,20292.93,6,3,17804.11,6,3,38316.69,8,3,26191.87,8,3,17386.36,8,3,22204.18
P00317,GENE0317,Protein description 317,GENE0317_HUMAN,0.329104,0.93695,1,3,23222.5,2,2,26728.02,2,4,38559.11,0,3,37153.34,2,2,33046.53,0,2,26580.54,1,4,62052.31,1,4,30763.65,1,2,38520.56
P00318,GENE0318,Protein description 318,GENE0318_HUMAN,0.784457,0.968465,2,9,6865.08,2,9,9794.65,1,9,6799.44,0,11,9253.2,0,9,9470.06,1,11,19044.98,2,10,6477.34,1,11,6330.07,2,11,10132.96
P00319,GENE0319,Protein description 319,GENE0319_HUMAN,0.60744,0.958485,1,14,109661.04,1,14,149198.68,1,13,223928.05,2,13,271255.77,0,15,380827.2,2,15,156097.49,2,15,148633.8,1,14,173121.71,1,15,214238.19
P00320,GENE0320,Protein description 320,GENE0320_HUMAN,0.443831,0.946839,1,1,2032.8,2,3,4675.33,3,1,5704.68,2,2,3411.04,2,1,6394.18,3,2,8753.93,3,3,2905.05,1,2,5151.3,2,1,4466.86
P00321,GENE0321,Protein description 321,GENE0321_HUMAN,0.414319,0.931053,4,11,100943.95,4,10,166374.58,3,9,164046.38,4,10,215177.12,3,10,174119.96,4,11,133300.04,2,9,137671.8,3,10,107655.99,2,11,118269.31
P00322,GENE0322,Protein description 322,GENE0322_HUMAN,0.002098,0.167851,6,8,36929.99,7,9,28412.87,8,9,38087.59,8,8,3520.71,6,10,6458.33,8,10,3446.34,6,10,2626.81,6,10,2890.16,8,9,2630.96
P00323,GENE0323,Protein description 323,GENE0323_HUMAN,0.799793,0.975357,5,2,246976.34,3,3,172219.91,4,1,403459.8,4,1,292402.13,4,1,397140.06,5,2,262746.46,3,1,235330.68,5,3,92655.27,3,2,185524.61
P00324,GENE0324,Protein description 324,GENE0324_HUMAN,0.12215,0.71853,5,4,150135.06,7,3,117300.16,5,3,105654.14,5,2,77534.43,7,4,129002.0,5,2,157856.83,6,2,179426.77,7,3,152702.59,6,4,95378.1
P00325,GENE0325,Protein description 325,GENE0325_HUMAN,0.910657,0.985827,4,6,880821.95,4,7,795306.07,5,7,655112.59,5,7,1363952.53,4,7,940689.03,5,6,1000859.44,5,6,530742.15,4,7,781187.08,6,6,689049.82
P00326,GENE0326,Protein description 326,GENE0326_HUMAN,0.774147,0.967684,7,12,142688.6,6,12,104814.2,8,12,102600.67,7,11,203850.31,7,10,192817.57,7,12,100888.63,6,10,152686.01,7,12,79282.45,6,12,127153.46
P00327,GENE0327,Protein description 327,GENE0327_HUMAN,0.005396,0.126953,4,5,1329.04,2,3,2131.42,0,0,,4,4,249.8,3,5,271.46,2,5,401.56,4,5,339.13,2,3,321.59,4,3,283.56
P00328,GENE0328,Protein description 328,GENE0328_HUMAN,0.010182,0.173303,5,6,26144.94,5,7,40108.98,6,6,38177.13,5,6,50538.65,4,7,39435.65,6,6,26423.49,6,6,18007.16,4,6,23872.69,6,8,19001.35
P00329,GENE0329,Protein description 329,GENE0329_HUMAN,0.105226,0.695707,1,8,5803.7,1,9,7223.19,3,7,4546.29,3,9,3850.35,0,0,,1,9,3592.91,3,7,4765.68,2,7,2029.14,1,7,6688.73
P00330,GENE0330,Protein description 330,GENE0330_HUMAN,0.144395,0.785825,3,12,7247.01,0,0,,1,11,8654.7,1,12,8824.99,2,11,10518.67,3,12,9943.25,2,11,8829.7,3,10,15169.48,2,10,13093.8
P00331,GENE0331,Protein description 331,GENE0331_HUMAN,0.10358,0.696336,6,5,543997.26,7,4,350502.14,8,5,454638.23,6,6,654538.06,6,5,707904.71,6,5,355545.52,7,6,464362.94,8,5,437003.47,8,5,285725.49
P00332,GENE0332,Protein description 332,GENE0332_HUMAN,0.102779,0.696807,1,11,106521.78,0,11,220299.3,2,9,61925.78,2,9,52074.55,2,11,137879.13,0,10,118521.69,2,11,52943.1,0,11,78136.77,1,10,72611.67
P00333,GENE0333,Protein description 333,GENE0333_HUMAN,0.960145,0.994969,1,13,10513.2,2,12,8589.16,0,0,,2,13,12696.95,3,12,16200.52,2,13,14320.7,2,13,6625.62,0,0,,3,13,12702.61
P00334,GENE0334,Protein description 334,GENE0334_HUMAN,0.65846,0.964777,4,9,3803.82,3,10,9125.11,3,9,2715.39,4,8,11306.74,3,8,4334.11,3,10,7989.39,2,8,3423.39,3,8,5011.55,4,10,4358.92
P00335,GENE0335,Protein description 335,GENE0335_HUMAN,0.820639,0.979867,1,10,28000.69,0,10,40537.1,2,11,36562.88,2,11,74659.39,0,12,34015.04,1,11,81213.88,0,10,18203.69,1,10,44327.08,0,12,30651.74
P00336,GENE0336,Protein description 336,GENE0336_HUMAN,0.562814,0.964135,5,4,3805.77,7,5,2954.11,5,4,6299.36,0,0,,5,5,4160.83,7,4,3812.04,5,4,3174.11,6,5,2727.35,7,4,2119.61
P00337,GENE0337,Protein description 337,GENE0337_HUMAN,0.00715,0.154585,3,13,11436.76,4,14,11398.8,2,13,15595.14,0,0,,4,13,79913.53,0,0,,4,12,25583.91,4,12,52998.75,4,12,62826.17
P00338,GENE0338,Protein description 338,GENE0338_HUMAN,0.880998,0.982983,3,6,51319.61,5,4,43669.05,3,6,68295.46,3,5,58222.94,5,6,79312.38,4,6,52416.59,4,4,53129.29,4,5,35391.86,4,6,38325.41
P00339,GENE0339,Protein description 339,GENE0339_HUMAN,0.261969,0.869607,3,3,225579.32,2,3,270283.62,2,5,185167.21,2,3,291671.95,3,4,559594.86,4,4,312156.5,3,4,179474.45,3,4,237680.86,4,4,131583.7
P00340,GENE0340,Protein description 340,GENE0340_HUMAN,0.694525,0.964618,7,10,131004.53,7,9,126455.26,6,10,125132.16,6,10,123101.05,8,8,114856.6,8,9,125087.39,6,9,74131.81,7,8,53966.77,8,9,88775.41
P00341,GENE0341,Protein description 341,GENE0341_HUMAN,0.899309,0.986896,4,6,617.64,3,8,897.42,4,7,369.3,4,7,773.18,2,8,804.49,2,8,614.04,4,7,684.97,2,8,602.79,0,0,
P00342,GENE0342,Protein description 342,GENE0342_HUMAN,0.936292,0.990785,7,7,89855.37,5,6,44904.15,7,6,41176.26,5,8,82838.23,6,6,71944.01,6,6,72887.94,6,6,40748.52,6,6,57829.32,5,8,34044.86
P00343,GENE0343,Protein description 343,GENE0343_HUMAN,0.444048,0.944783,5,12,62066.89,6,12,27061.88,6,11,47169.2,6,11,112291.85,4,13,34918.61,6,13,46200.47,6,12,30631.99,4,12,20592.61,6,12,28173.27
P00344,GENE0344,Protein description 344,GENE0344_HUMAN,0.856712,0.990419,6,9,57021.51,7,7,121394.66,7,8,32693.93,7,9,70844.84,7,9,132219.95,8,7,127940.41,6,8,76591.9,8,8,53200.55,8,9,39010.48
P00345,GENE0345,Protein description 345,GENE0345_HUMAN,0.50386,0.955184,4,5,1198725.51,5,7,623531.46,6,6,611847.53,4,5,520115.72,6,5,591273.0,4,7,430320.16,5,5,614351.12,4,7,668474.22,4,6,406731.38
P00346,GENE0346,Protein description 346,GENE0346_HUMAN,0.257886,0.881661,7,13,693.93,8,13,1004.86,6,12,797.51,6,12,770.2,8,11,941.2,0,0,,7,13,386.49,7,11,968.41,6,13,950.58
P00347,GENE0347,Protein description 347,GENE0347_HUMAN,0.250959,0.876713,5,5,12377.25,0,0,,4,5,14527.54,5,6,16972.74,6,6,18583.26,4,5,13530.04,4,7,6989.5,4,7,6461.32,5,7,8440.2
P00348,GENE0348,Protein description 348,GENE0348_HUMAN,0.451767,0.943638,1,15,78253.99,1,13,52857.98,0,15,69335.5,1,15,123268.63,1,14,180223.88,1,15,73952.5,0,15,63187.14,1,15,67879.82,2,15,88438.25
P00349,GENE0349,Protein description 349,GENE0349_HUMAN,0.257889,0.877918,3,14,2114.74,3,15,2311.64,1,13,4170.57,1,13,3151.78,0,0,,3,15,2929.21,1,15,1226.16,1,15,1554.34,3,14,1537.96
P00350,GENE0350,Protein description 350,GENE0350_HUMAN,0.029979,0.380681,7,8,279264.88,7,8,332565.93,7,8,510388.75,6,7,283095.17,6,7,864602.95,6,8,362229.75,7,9,324703.87,5,8,354962.81,7,7,289109.99
P00351,GENE0351,Protein description 351,GENE0351_HUMAN,0.105547,0.686485,1,11,60214.77,1,11,97777.96,2,12,96769.0,2,11,56557.23,1,11,58369.03,0,12,96021.0,0,11,44673.25,0,12,56184.05,1,11,29239.82
P00352,GENE0352,Protein description 352,GENE0352_HUMAN,0.84922,0.987465,1,11,75908.16,2,11,187920.97,3,11,122309.14,2,12,208725.28,2,11,146990.35,2,11,469213.66,3,11,166010.21,3,10,107405.36,2,11,136893.81
P00353,GENE0353,Protein description 353,GENE0353_HUMAN,0.882509,0.981929,6,13,18195.29,5,13,14951.18,7,12,9680.86,5,13,15151.82,5,14,7849.39,5,12,20666.32,7,12,11407.39,7,12,9747.09,5,13,10813.83
P00354,GENE0354,Protein description 354,GENE0354_HUMAN,0.873044,0.982328,2,6,165325.54,2,7,208682.55,4,7,160502.54,3,6,205082.53,2,8,99009.12,4,7,136689.29,4,7,248590.95,4,8,76603.54,4,8,116395.1
P00355,GENE0355,Protein description 355,GENE0355_HUMAN,0.553712,0.975705,2,6,204558.21,1,8,353628.45,2,6,193351.71,3,8,183825.21,3,7,213798.27,3,8,249364.08,3,8,165764.21,1,7,153589.2,2,6,141753.44
P00356,GENE0356,Protein description 356,GENE0356_HUMAN,0.935217,0.992273,2,5,87521.08,3,4,59447.47,1,6,70936.09,2,4,83806.83,2,4,64725.17,2,5,72657.6,1,6,35639.85,2,5,80392.35,3,5,48421.86
P00357,GENE0357,Protein description 357,GENE0357_HUMAN,0.499093,0.955201,3,9,42863.39,4,9,43631.07,2,10,66369.85,3,8,54825.28,4,8,68780.76,4,9,55756.55,3,8,26183.0,4,8,35145.91,4,10,48838.74
P00358,GENE0358,Protein description 358,GENE0358_HUMAN,0.462545,0.9537,6,11,48653.0,5,9,86056.25,7,11,83507.69,7,10,77211.06,5,10,58597.93,6,10,45593.18,5,10,57859.65,6,10,28974.17,7,11,48738.52
P00359,GENE0359,Protein description 359,GENE0359_HUMAN,0.474382,0.958348,3,7,8353.82,3,8,6931.81,4,8,6722.08,5,8,6540.25,4,6,7560.53,5,7,7690.0,5,8,6652.6,5,7,5314.29,5,8,9651.49
P00360,GENE0360,Protein description 360,GENE0360_HUMAN,0.254112,0.876248,6,6,18346.4,7,6,36624.03,8,7,18999.97,6,7,31055.28,6,7,25255.91,8,7,31484.99,8,5,27405.43,6,7,22578.74,7,7,31957.48
P00361,GENE0361,Protein description 361,GENE0361_HUMAN,0.613503,0.960475,7,7,36709.68,7,8,19566.76,5,6,16572.72,7,6,42790.92,7,6,25764.75,5,7,17217.3,5,7,16475.98,6,8,27139.64,5,6,22481.27
P00362,GENE0362,Protein description 362,GENE0362_HUMAN,0.448951,0.94268,2,8,46096.44,2,7,49792.66,2,9,70391.8,3,9,115579.97,2,8,89354.23,2,7,68708.88,3,7,60350.47,1,9,47392.01,2,9,66187.79
P00363,GENE0363,Protein description 363,GENE0363_HUMAN,0.974658,0.997092,1,4,190250.93,1,2,123643.45,1,3,225542.02,3,4,197097.77,2,4,167122.65,1,2,283801.34,1,4,142772.42,3,2,119899.1,2,3,158272.16
P00364,GENE0364,Protein description 364,GENE0364_HUMAN,0.171981,0.818959,8,11,7247.24,7,11,6688.27,7,9,6030.89,7,9,4044.39,6,10,8485.37,6,11,5674.28,8,10,4172.45,6,9,3338.04,8,10,4527.27
P00365,GENE0365,Protein description 365,GENE0365_HUMAN,0.076704,0.584413,6,13,34492.72,6,11,19711.48,7,13,38867.91,8,12,44338.48,7,13,21665.13,6,11,32797.47,6,13,17749.64,6,11,22681.35,6,13,33079.14
P00366,GENE0366,Protein description 366,GENE0366_HUMAN,0.35114,0.942657,1,6,402798.2,1,6,1053046.66,1,7,394521.27,0,6,611640.58,1,6,395332.28,0,6,382233.6,2,6,739231.93,2,6,804291.36,2,7,286927.25
P00367,GENE0367,Protein description 367,GENE0367_HUMAN,0.21555,0.84117,4,6,8445.4,4,6,6491.74,2,6,10011.26,3,7,16680.53,3,8,10830.49,2,8,18273.54,4,8,10990.3,2,8,8843.37,3,7,7184.35
P00368,GENE0368,Protein description 368,GENE0368_HUMAN,0.991905,0.995638,6,3,7408.46,5,3,4228.51,7,4,8986.41,7,3,11634.88,6,3,14520.41,5,2,7138.69,7,2,4690.39,5,2,5483.22,5,3,10895.8
P00369,GENE0369,Protein description 369,GENE0369_HUMAN,0.558578,0.963066,8,9,43613.29,8,10,53684.17,8,10,35713.31,6,9,61869.24,0,0,,8,8,28626.68,6,10,50308.34,8,10,26454.22,6,9,50935.39
P00370,GENE0370,Protein description 370,GENE0370_HUMAN,0.359718,0.928304,7,6,169122.76,7,8,178745.46,7,7,91668.98,8,7,218215.17,6,8,117401.51,7,7,144471.24,6,7,52644.3,6,7,93382.12,6,7,151536.52
P00371,GENE0371,Protein description 371,GENE0371_HUMAN,0.642741,0.964715,2,14,43881.9,1,13,25194.21,2,12,74471.09,1,13,23279.01,1,13,53340.7,1,13,30851.96,1,13,42186.73,2,14,37473.95,3,14,16329.51
P00372,GENE0372,Protein description 372,GENE0372_HUMAN,0.453112,0.943982,7,13,373519.05,6,13,393367.1,6,14,229369.96,7,13,373006.29,6,12,805630.68,7,12,600716.19,8,14,161057.37,7,12,350857.95,7,14,170672.65
P00373,GENE0373,Protein description 373,GENE0373_HUMAN,0.208825,0.843738,6,12,208723.42,5,11,94402.46,6,13,182720.99,6,12,129475.87,7,13,202442.38,7,12,198633.81,5,11,104515.88,6,11,115956.77,6,11,160829.56
P00374,GENE0374,Protein description 374,GENE0374_HUMAN,0.002453,0.130834,4,4,165051.82,5,3,127949.95,4,3,138694.34,5,3,21509.65,3,5,32798.72,4,5,24689.33,4,5,14405.2,4,4,22637.99,4,5,22638.96
P00375,GENE0375,Protein description 375,GENE0375_HUMAN,0.286354,0.891375,4,5,54761.57,4,5,70124.82,3,3,126143.84,3,4,126887.56,4,5,147891.39,2,3,88785.7,3,5,96065.09,4,4,77383.17,0,0,
P00376,GENE0376,Protein description 376,GENE0376_HUMAN,0.637593,0.967882,7,9,1960735.1,6,8,782627.98,6,7,2620555.18,7,9,2410837.3,5,8,2498214.14,5,8,1895853.75,6,8,2593600.46,7,8,3099627.54,5,8,1496159.68
P00377,GENE0377,Protein description 377,GENE0377_HUMAN,0.816569,0.980863,6,11,19508.02,6,9,18737.41,7,9,16967.27,6,11,23425.87,6,10,29512.44,6,9,21314.92,6,10,11665.88,7,10,26601.43,7,9,16283.04
P00378,GENE0378,Protein description 378,GENE0378_HUMAN,0.262577,0.868023,7,3,819.73,7,3,769.32,6,2,852.03,7,3,696.53,0,0,,0,0,,7,2,795.12,8,2,802.43,6,2,725.76
P00379,GENE0379,Protein description 379,GENE0379_HUMAN,0.621327,0.961434,4,9,444590.44,4,8,305318.47,4,9,579537.12,3,9,987804.94,3,9,636349.17,3,8,834733.11,3,8,402036.85,4,8,322254.09,3,7,310594.2
P00380,GENE0380,Protein description 380,GENE0380_HUMAN,0.70848,0.968861,3,4,23448.66,2,2,14199.81,3,4,11840.01,1,4,13092.36,2,4,21863.92,3,4,18201.11,2,3,20522.53,1,2,7550.87,3,2,8019.17
P00381,GENE0381,Protein description 381,GENE0381_HUMAN,0.370011,0.93971,7,4,30072.94,0,0,,8,6,45165.84,8,5,85918.91,6,6,34797.57,6,6,32605.36,8,5,33469.71,6,6,52269.98,0,0,
P00382,GENE0382,Protein description 382,GENE0382_HUMAN,0.487536,0.963033,3,6,254601.94,4,6,358685.1,4,5,497188.93,2,7,266631.22,4,5,318591.86,3,5,380836.36,2,7,234160.52,3,5,274657.47,4,5,150728.34
P00383,GENE0383,Protein description 383,GENE0383_HUMAN,0.358817,0.928975,6,1,3047.93,7,2,1989.61,6,1,1662.53,5,3,1491.83,6,2,2230.16,5,3,1350.03,7,1,1615.19,7,3,1825.77,5,3,2335.2
P00384,GENE0384,Protein description 384,GENE0384_HUMAN,0.372905,0.932262,4,6,2194.08,5,4,5289.03,4,4,3956.01,3,4,2405.37,5,5,5433.8,0,0,,4,4,4980.62,4,5,1884.36,4,6,2322.5
P00385,GENE0385,Protein description 385,GENE0385_HUMAN,0.446217,0.944374,5,10,957.25,4,9,2577.85,5,11,1938.23,5,9,3192.48,5,9,2517.14,0,0,,4,10,1739.87,6,9,1807.79,5,10,2378.33
P00386,GENE0386,Protein description 386,GENE0386_HUMAN,0.295423,0.881859,3,14,10606.1,2,15,10505.9,3,13,10322.32,1,13,7031.28,1,13,7403.04,0,0,,2,15,5645.7,2,13,8486.39,1,15,10879.3
P00387,GENE0387,Protein description 387,GENE0387_HUMAN,0.48833,0.959862,3,12,85218.6,1,13,58485.08,3,13,75142.25,2,12,61731.04,1,12,71311.1,2,11,115923.0,3,11,40875.82,2,13,43115.29,3,11,44666.42
P00388,GENE0388,Protein description 388,GENE0388_HUMAN,0.752245,0.962874,4,6,99673.09,5,5,92604.84,4,5,72661.29,6,6,70340.38,4,5,81925.49,4,5,77121.13,6,6,59930.95,4,6,74956.28,6,4,78061.31
P00389,GENE0389,Protein description 389,GENE0389_HUMAN,0.394298,0.933249,1,15,36014.88,1,15,49396.16,1,14,71813.6,2,14,79031.35,1,15,68266.76,2,14,81709.99,3,14,35975.28,3,13,60509.44,1,15,42974.87
P00390,GENE0390,Protein description 390,GENE0390_HUMAN,0.945438,0.992586,6,6,2595.5,5,8,3172.97,4,8,1854.12,5,8,3553.54,4,8,3774.0,4,7,2586.27,0,0,,6,7,2056.77,0,0,
P00391,GENE0391,Protein description 391,GENE0391_HUMAN,0.217996,0.838444,6,7,934.99,0,0,,6,5,791.04,8,5,1209.73,8,7,704.31,6,6,671.53,8,6,597.86,7,5,412.64,8,5,618.05
P00392,GENE0392,Protein description 392,GENE0392_HUMAN,0.449505,0.941371,0,0,,1,14,41489.24,0,13,44777.52,2,13,43541.99,0,0,,2,14,37736.04,2,14,50870.46,2,14,35493.91,1,14,56238.92
P00393,GENE0393,Protein description 393,GENE0393_HUMAN,0.601685,0.956954,0,0,,7,8,13062.32,8,6,25610.64,7,8,15774.36,0,0,,8,7,11801.94,6,8,14564.84,6,8,15842.05,6,7,29294.09
P00394,GENE0394,Protein description 394,GENE0394_HUMAN,0.543264,0.965803,1,11,71725.27,2,12,80444.68,1,10,48399.89,1,10,58620.18,1,11,112060.54,3,11,92390.6,2,11,68721.12,2,12,42372.68,3,10,35601.01
P00395,GENE0395,Protein description 395,GENE0395_HUMAN,0.946941,0.99286,1,4,101422.86,1,3,77001.01,1,5,95652.39,2,5,97658.68,1,5,107513.09,2,4,88513.18,2,4,121648.39,2,4,103689.17,1,3,78756.5
P00396,GENE0396,Protein description 396,GENE0396_HUMAN,0.324328,0.926652,6,6,26590.35,7,7,27549.96,6,6,48461.26,7,5,52259.69,5,7,70927.74,5,5,29854.66,6,7,92498.48,6,5,46973.19,6,7,34858.6
P00397,GENE0397,Protein description 397,GENE0397_HUMAN,0.377632,0.932425,3,15,133551.53,2,13,127146.57,1,13,136195.96,1,15,168574.07,3,13,175886.59,2,14,126302.17,2,15,94035.86,3,14,125267.89,2,14,93864.92
P00398,GENE0398,Protein description 398,GENE0398_HUMAN,0.595682,0.958844,6,4,70600.65,4,5,30392.55,4,4,42917.2,4,4,68665.0,0,0,,6,6,67030.96,5,6,50058.61,5,5,43130.56,5,6,33790.81
P00399,GENE0399,Protein description 399,GENE0399_HUMAN,0.596367,0.958019,2,14,61684.47,1,12,95412.14,2,12,63245.18,0,13,135192.43,0,14,101279.5,2,12,121402.33,0,14,67992.71,1,12,56781.48,2,13,46534.24
P00400,GENE0400,Protein description 400,GENE0400_HUMAN,0.787441,0.969158,1,8,6997.47,1,7,9596.89,1,9,5281.93,0,9,7644.95,0,7,23367.81,1,8,14957.8,2,9,7823.71,1,8,5428.93,2,8,10077.21
P00401,GENE0401,Protein description 401,GENE0401_HUMAN,0.794516,0.973373,3,15,12730.04,1,15,15720.29,1,13,28566.39,3,14,32586.45,2,14,33352.92,3,15,38814.47,3,13,21785.51,3,13,15311.77,3,14,15005.92
P00402,GENE0402,Protein description 402,GENE0402_HUMAN,0.004622,0.132069,5,8,46074.25,4,7,46620.19,4,8,42974.3,5,7,5700.71,3,7,10242.67,3,6,7903.84,3,6,4061.43,3,7,4745.26,5,6,3488.64
P00403,GENE0403,Protein description 403,GENE0403_HUMAN,0.764199,0.965813,4,8,144116.75,4,7,115259.26,3,7,78723.2,2,9,127028.05,2,9,146013.65,4,8,138539.75,2,8,100774.38,3,7,253309.61,3,8,102329.58
P00404,GENE0404,Protein description 404,GENE0404_HUMAN,0.717869,0.965202,2,6,6904.23,0,0,,2,7,19450.39,2,8,21197.06,3,8,19872.47,1,6,13141.6,2,8,24424.79,3,8,12888.23,2,8,13161.98
P00405,GENE0405,Protein description 405,GENE0405_HUMAN,0.58577,0.962251,5,5,84705.7,6,5,94377.31,7,4,66770.47,7,3,75055.19,6,3,44640.64,7,4,106781.78,7,3,46592.4,5,5,137154.27,6,4,67953.08
P00406,GENE0406,Protein description 406,GENE0406_HUMAN,0.316987,0.915485,2,12,29123.85,3,11,15556.89,3,11,31697.21,1,12,44727.82,3,11,18211.93,3,12,18549.78,0,0,,2,12,24064.62,2,13,18939.95
P00407,GENE0407,Protein description 407,GENE0407_HUMAN,0.907056,0.987272,0,9,23752.38,0,9,26125.57,2,9,28600.73,2,10,31001.14,2,8,27763.1,1,10,29088.02,1,10,31015.36,1,8,19152.72,0,10,15098.24
P00408,GENE0408,Protein description 408,GENE0408_HUMAN,0.73822,0.96185,0,7,63457.31,2,7,134033.88,1,7,293990.25,0,8,203338.77,0,9,152899.88,1,7,123510.25,2,7,72679.35,0,9,105046.12,1,8,68280.92
P00409,GENE0409,Protein description 409,GENE0409_HUMAN,1e-05,0.008173,6,5,1002.23,6,7,1379.32,7,5,1305.9,6,5,144.81,8,6,287.8,6,6,184.57,7,6,154.33,6,7,131.4,6,6,264.36
P00410,GENE0410,Protein description 410,GENE0410_HUMAN,0.002676,0.133796,0,0,,4,13,3864.51,3,11,2482.88,3,11,1171.84,5,12,331.76,3,13,447.91,3,11,380.0,3,12,267.21,4,11,366.73
P00411,GENE0411,Protein description 411,GENE0411_HUMAN,0.710456,0.964965,8,5,1012.57,7,6,1757.59,6,5,2461.72,8,7,4481.46,6,6,2628.04,6,5,2581.83,6,5,2303.53,6,7,2347.97,8,7,1755.98
P00412,GENE0412,Protein description 412,GENE0412_HUMAN,0.917654,0.98408,5,6,541.12,5,6,636.47,7,6,768.79,6,5,866.76,5,6,520.73,7,5,546.89,5,6,268.9,7,6,599.8,6,4,510.43
P00413,GENE0413,Protein description 413,GENE0413_HUMAN,0.490541,0.959494,1,3,7803.75,3,4,9594.26,0,0,,2,4,12876.91,0,0,,1,2,18954.52,3,2,7822.95,1,4,15712.14,2,2,13724.0
P00414,GENE0414,Protein description 414,GENE0414_HUMAN,0.8792,0.98372,5,13,163564.33,5,12,227546.8,5,13,95780.13,6,14,125703.12,5,13,184543.99,7,13,98170.29,6,13,90010.76,6,12,120677.28,0,0,
P00415,GENE0415,Protein description 415,GENE0415_HUMAN,0.382114,0.929154,3,3,19424.01,4,2,19491.72,5,1,30993.28,0,0,,3,1,35089.8,3,3,18079.65,0,0,,4,3,11175.98,4,1,28284.29
P00416,GENE0416,Protein description 416,GENE0416_HUMAN,0.395164,0.92707,4,13,53442.56,4,13,25190.86,3,11,36375.54,5,12,67777.95,3,12,42055.27,0,0,,5,12,47624.94,4,13,26607.25,5,12,40737.56
P00417,GENE0417,Protein description 417,GENE0417_HUMAN,0.685941,0.967818,4,6,275477.3,5,6,208623.5,3,5,220887.73,4,5,226815.75,5,6,255951.03,4,6,280800.66,5,5,280624.31,5,7,183375.21,3,5,202302.98
P00418,GENE0418,Protein description 418,GENE0418_HUMAN,0.050538,0.525067,6,1,520270.85,5,1,483073.67,5,2,513213.57,7,3,520460.83,5,3,210088.62,7,3,374528.87,5,1,185417.4,7,1,257624.16,7,3,286265.79
P00419,GENE0419,Protein description 419,GENE0419_HUMAN,0.138922,0.761216,1,14,27777.96,1,15,51411.74,2,15,41492.46,2,14,23862.86,3,15,36439.6,3,14,35627.78,3,14,21818.58,1,14,24512.29,1,13,20067.2
P00420,GENE0420,Protein description 420,GENE0420_HUMAN,0.728425,0.961617,1,12,386810.12,1,11,613873.54,0,11,412086.58,2,12,286551.31,0,12,574994.22,2,11,330298.83,0,10,581909.17,0,12,340326.05,0,10,304676.96
P00421,GENE0421,Protein description 421,GENE0421_HUMAN,0.242085,0.860748,6,11,26433.3,7,10,31351.29,6,10,25388.2,7,10,39072.45,6,10,46726.58,6,10,83354.36,5,12,18768.72,6,12,25420.59,7,11,22676.18
P00422,GENE0422,Protein description 422,GENE0422_HUMAN,0.175079,0.823901,6,8,12210.25,8,10,10380.43,7,8,4953.83,7,8,6680.44,8,10,6884.42,7,8,5227.14,0,0,,8,8,7696.85,6,9,9397.58
P00423,GENE0423,Protein description 423,GENE0423_HUMAN,0.001177,0.188249,6,12,10430.94,4,12,9652.94,4,10,9844.98,4,12,5163.44,4,10,1474.83,5,10,2435.81,5,10,1634.0,6,11,1000.76,5,10,1530.98
P00424,GENE0424,Protein description 424,GENE0424_HUMAN,0.224854,0.836668,0,3,2172.91,0,0,,0,2,2111.94,2,3,3199.63,1,3,2773.38,0,3,1730.98,2,2,2206.12,1,3,4780.2,1,2,2466.86
P00425,GENE0425,Protein description 425,GENE0425_HUMAN,0.250471,0.878845,0,4,6074.23,0,6,5809.75,2,5,6041.91,2,4,10864.55,2,5,10068.57,2,5,5088.56,2,6,5003.29,2,4,4671.6,2,4,7096.92
P00426,GENE0426,Protein description 426,GENE0426_HUMAN,0.341161,0.9379,3,8,11558.95,5,8,17258.06,0,0,,4,10,24165.64,4,8,11331.93,5,9,21607.87,5,9,9836.61,3,8,22874.66,3,8,17806.12
P00427,GENE0427,Protein description 427,GENE0427_HUMAN,0.93833,0.99163,7,11,139844.71,7,12,107447.28,8,12,176595.44,7,11,149200.31,8,12,194337.72,6,11,223097.88,8,12,188993.19,8,11,104318.47,7,10,182515.52
P00428,GENE0428,Protein description 428,GENE0428_HUMAN,0.644619,0.958541,5,8,873959.25,5,10,1054476.03,4,8,616592.93,6,8,449011.81,5,10,1178227.03,4,10,1004227.34,4,9,429608.29,6,9,393802.92,5,8,666014.35
P00429,GENE0429,Protein description 429,GENE0429_HUMAN,0.693314,0.967977,2,6,4748.81,2,6,3880.29,2,8,3972.2,2,6,3615.74,2,7,3430.6,2,7,4037.52,2,6,2705.95,4,6,2732.85,4,7,1598.62
P00430,GENE0430,Protein description 430,GENE0430_HUMAN,0.132748,0.737491,5,9,38048.88,5,11,77984.0,4,9,59227.57,4,11,87742.65,5,10,184950.34,6,10,99019.31,4,11,49473.09,6,10,53966.03,5,11,62029.66
P00431,GENE0431,Protein description 431,GENE0431_HUMAN,0.192667,0.828674,1,2,5613.51,2,1,3899.28,3,3,4866.32,2,1,8328.16,2,3,7694.27,2,2,4911.66,1,1,3753.37,3,2,5034.91,1,3,6032.82
P00432,GENE0432,Protein description 432,GENE0432_HUMAN,0.898671,0.987551,5,9,110269.16,3,8,71410.01,3,9,122212.56,3,8,89755.87,5,8,74868.44,0,0,,5,8,88349.5,3,9,72557.87,5,7,51786.21
P00433,GENE0433,Protein description 433,GENE0433_HUMAN,0.634309,0.964729,6,7,15777.58,6,6,18688.96,8,6,35923.11,8,6,24241.8,7,6,33151.63,7,8,30258.34,0,0,,8,8,34009.61,6,7,26263.18
P00434,GENE0434,Protein description 434,GENE0434_HUMAN,0.809651,0.97843,6,9,1527.85,6,8,1972.68,4,7,1594.11,6,9,2039.52,5,8,1851.02,5,9,1328.28,5,8,1405.73,4,7,1575.68,6,9,1506.4
P00435,GENE0435,Protein description 435,GENE0435_HUMAN,0.357463,0.928474,1,3,195505.56,2,3,371586.87,2,2,283771.63,2,4,263307.46,1,3,162728.75,1,3,241442.51,2,4,103530.7,1,4,269401.19,0,4,106165.66
P00436,GENE0436,Protein description 436,GENE0436_HUMAN,0.577207,0.96402,3,13,13093.46,2,14,14425.7,2,14,10154.51,1,14,9720.88,2,12,11175.19,2,14,10176.33,3,14,6564.49,1,13,13505.27,1,13,14837.35
P00437,GENE0437,Protein description 437,GENE0437_HUMAN,0.502208,0.954314,0,0,,2,12,10667.32,2,12,15692.37,2,14,25179.13,1,14,24713.99,2,13,14784.57,0,14,14522.46,0,12,20569.45,0,12,10842.81
P00438,GENE0438,Protein description 438,GENE0438_HUMAN,0.005065,0.135074,2,13,8087.82,4,15,2222.94,2,13,4728.33,2,13,1835.47,4,15,1374.45,4,14,1255.77,2,14,1331.6,2,14,1112.51,4,15,1366.85
P00439,GENE0439,Protein description 439,GENE0439_HUMAN,0.82477,0.981868,2,13,12537.36,2,13,5936.93,1,11,9393.19,1,13,8536.23,1,12,18523.2,1,12,11135.48,1,12,9549.68,2,11,6410.43,3,12,6816.63
P00440,GENE0440,Protein description 440,GENE0440_HUMAN,0.333756,0.930331,7,9,95582.4,6,9,133315.89,8,9,87264.38,6,9,43205.97,7,11,106632.95,8,10,65616.02,6,11,62781.36,6,9,46026.33,7,9,86708.53
P00441,GENE0441,Protein description 441,GENE0441_HUMAN,0.466887,0.952832,4,6,52899.3,0,0,,4,6,18343.71,3,5,27065.51,4,5,35592.95,3,4,26485.99,3,6,31710.99,4,5,26361.42,4,4,14870.14
P00442,GENE0442,Protein description 442,GENE0442_HUMAN,0.132993,0.733755,1,3,67890.02,2,4,43322.99,1,2,85328.14,2,4,104852.3,0,3,87826.72,0,3,80994.45,0,3,91210.46,1,2,44314.93,2,3,26733.64
P00443,GENE0443,Protein description 443,GENE0443_HUMAN,0.638357,0.965379,3,8,48372.86,3,8,73476.51,3,9,84987.15,3,8,104056.25,5,10,74210.65,5,9,65188.48,5,8,40892.0,4,8,55019.38,4,10,50106.66
P00444,GENE0444,Protein description 444,GENE0444_HUMAN,0.791135,0.972209,5,14,343447.62,6,13,402412.39,6,14,360766.14,7,13,309168.39,7,14,400521.98,6,14,480896.13,6,15,606197.52,7,13,344381.94,7,15,262054.58
P00445,GENE0445,Protein description 445,GENE0445_HUMAN,0.410388,0.935358,0,0,,6,7,13547.27,5,7,11053.58,6,5,34819.42,5,6,12071.65,5,5,21721.7,4,5,15137.1,6,6,16720.47,5,5,7022.32
P00446,GENE0446,Protein description 446,GENE0446_HUMAN,0.978132,0.996822,6,14,2345.58,7,14,2607.49,8,15,1366.79,6,14,3282.63,7,15,4155.2,8,15,2407.16,7,13,2582.52,8,13,754.29,6,15,2182.16
P00447,GENE0447,Protein description 447,GENE0447_HUMAN,0.257584,0.884408,4,3,138087.85,3,3,326141.81,3,5,240193.98,2,4,341953.83,3,3,167341.51,3,5,229282.63,4,3,89324.54,3,5,232142.03,3,5,155689.85
P00448,GENE0448,Protein description 448,GENE0448_HUMAN,0.873081,0.980989,3,5,31035.92,3,5,18439.03,5,5,16528.82,5,5,24673.52,0,0,,3,5,19625.02,4,4,22273.77,0,0,,3,6,11850.55
P00449,GENE0449,Protein description 449,GENE0449_HUMAN,0.721215,0.964837,3,9,210221.18,4,10,263932.69,3,11,87213.76,3,9,338668.25,3,9,324370.08,3,10,217437.2,3,11,152360.91,5,10,192814.7,4,11,175154.04
P00450,GENE0450,Protein description 450,GENE0450_HUMAN,0.927262,0.987762,2,7,61133.31,0,9,83670.4,1,7,115223.82,0,7,74104.45,0,0,,2,8,123643.25,1,8,41119.6,1,7,40410.69,0,9,27662.69
P00451,GENE0451,Protein description 451,GENE0451_HUMAN,0.740648,0.960322,1,10,31595.55,0,10,28149.79,2,11,29591.0,2,10,23067.51,1,12,22801.76,1,11,30710.26,1,11,13733.6,0,11,18049.4,0,11,9417.47
P00452,GENE0452,Protein description 452,GENE0452_HUMAN,0.494852,0.963216,6,5,59480.22,6,5,103874.68,6,7,47539.93,5,5,120483.01,5,6,73218.19,5,6,67377.91,5,6,43930.61,6,5,30781.77,7,6,35918.28
P00453,GENE0453,Protein description 453,GENE0453_HUMAN,0.41347,0.937044,2,13,888185.6,2,13,663231.84,3,13,1150885.44,3,12,1334949.04,4,13,1015512.74,2,13,1630743.14,3,12,1058862.84,2,12,806266.08,3,12,1021809.24
P00454,GENE0454,Protein description 454,GENE0454_HUMAN,0.829399,0.98445,4,6,1589601.35,5,6,1323972.9,6,4,1045294.27,6,4,1627909.67,4,5,1621033.8,6,4,1975197.72,4,5,1000679.47,4,5,759988.42,5,6,359364.03
P00455,GENE0455,Protein description 455,GENE0455_HUMAN,0.840363,0.987211,6,4,22303.99,7,4,33021.91,7,3,36255.97,8,2,38678.8,7,2,24564.83,7,3,46677.38,8,2,45985.61,7,2,30541.66,6,3,23931.7
P00456,GENE0456,Protein description 456,GENE0456_HUMAN,0.588904,0.959518,1,10,39584.12,2,10,24550.8,2,10,41392.34,2,9,56867.93,3,8,62467.83,2,9,63332.52,3,9,44072.9,3,8,49112.09,0,0,
P00457,GENE0457,Protein description 457,GENE0457_HUMAN,0.702124,0.968447,5,7,373786.94,7,7,112727.3,6,7,346335.0,7,8,409836.59,7,8,359246.99,6,7,203348.55,7,9,180149.21,5,8,180176.81,7,7,198086.63
P00458,GENE0458,Protein description 458,GENE0458_HUMAN,0.462858,0.951892,2,10,9558.43,2,10,5236.62,3,9,13799.22,3,10,16532.58,2,8,7200.5,2,8,9875.83,3,9,10096.62,1,9,7614.76,2,9,11039.88
P00459,GENE0459,Protein description 459,GENE0459_HUMAN,0.218371,0.831891,5,3,55697.47,7,1,65329.97,5,2,46102.59,6,2,42756.91,7,2,78189.74,0,0,,5,3,55533.2,7,2,43902.02,6,3,57388.73
P00460,GENE0460,Protein description 460,GENE0460_HUMAN,0.04998,0.52611,2,6,23659.59,2,7,25940.14,3,6,35263.91,2,8,38937.61,2,7,48095.1,2,8,28672.9,2,7,22476.52,3,6,22772.79,2,6,21682.59
P00461,GENE0461,Protein description 461,GENE0461_HUMAN,0.653705,0.963102,4,4,56658.54,4,3,63645.69,2,4,65266.15,3,4,46050.86,4,2,58482.67,3,3,75860.38,3,3,48975.79,2,2,57123.25,4,4,61492.43
P00462,GENE0462,Protein description 462,GENE0462_HUMAN,0.669213,0.961168,3,13,6334.56,5,13,9743.83,3,12,5331.5,4,12,12111.89,5,12,5108.75,5,11,9661.13,5,13,8298.46,4,11,5371.63,3,12,6127.69
P00463,GENE0463,Protein description 463,GENE0463_HUMAN,0.665264,0.96415,5,3,1715.69,4,3,1358.14,3,4,2285.56,5,3,1848.23,4,4,3173.44,3,3,1989.05,3,2,1035.83,3,3,2371.01,5,2,1382.99
P00464,GENE0464,Protein description 464,GENE0464_HUMAN,0.562407,0.965506,1,14,987.8,2,13,1021.46,0,14,753.95,1,13,1255.19,1,15,1032.68,0,0,,0,14,649.87,2,13,740.96,1,13,1003.85
P00465,GENE0465,Protein description 465,GENE0465_HUMAN,0.342401,0.928545,6,3,3662.33,6,1,5420.0,7,2,7205.27,7,3,5714.65,5,2,4585.27,7,1,13096.11,5,2,2564.7,0,0,,5,1,6332.36
P00466,GENE0466,Protein description 466,GENE0466_HUMAN,0.007352,0.150817,2,8,20976.22,2,9,13366.95,0,10,13136.96,1,10,66377.21,2,8,82964.93,0,8,43090.65,1,8,65483.11,0,8,51989.69,0,9,46267.0
P00467,GENE0467,Protein description 467,GENE0467_HUMAN,0.065705,0.55919,8,7,19706.65,8,7,19647.94,8,7,23829.02,6,6,48887.1,8,7,29162.68,6,6,15787.0,8,5,23778.19,6,5,10306.87,6,5,16154.46
P00468,GENE0468,Protein description 468,GENE0468_HUMAN,0.148009,0.794678,3,2,1296022.99,2,4,739163.87,1,3,1373100.6,1,3,1419483.92,3,3,981061.21,1,3,628858.82,3,2,813671.17,3,4,766886.85,1,4,592556.88
P00469,GENE0469,Protein description 469,GENE0469_HUMAN,0.628298,0.961068,6,7,265315.71,4,7,386503.17,5,6,86371.48,6,5,424086.41,5,7,326709.9,6,6,311923.28,5,5,177204.1,5,6,148576.82,5,7,194181.31
P00470,GENE0470,Protein description 470,GENE0470_HUMAN,0.768071,0.964611,4,1,6648.98,6,1,5532.29,5,3,8902.52,5,2,2931.8,0,0,,6,1,10631.32,4,1,4544.33,6,2,5591.33,0,0,
P00471,GENE0471,Protein description 471,GENE0471_HUMAN,0.907623,0.986547,4,12,74395.67,4,11,123462.86,4,12,71589.63,4,10,109600.88,5,10,66716.76,3,12,61418.0,5,11,37901.72,3,10,71099.32,5,11,67813.11
P00472,GENE0472,Protein description 472,GENE0472_HUMAN,0.009786,0.173976,4,13,18978.74,5,13,18266.6,5,14,24939.58,3,12,156170.39,3,12,63073.38,5,13,97517.0,4,12,86601.52,5,12,32654.48,3,14,35794.37
P00473,GENE0473,Protein description 473,GENE0473_HUMAN,0.814026,0.982234,1,6,11350.62,2,7,24669.59,1,5,22159.02,2,5,36913.03,1,7,28814.76,2,7,29921.27,0,6,13845.09,0,7,16104.95,1,6,24938.68
P00474,GENE0474,Protein description 474,GENE0474_HUMAN,0.59742,0.955872,8,7,47169.5,6,6,35266.68,8,6,75122.42,6,7,42664.49,6,8,51808.3,8,8,52230.87,7,6,24574.18,6,8,57006.49,7,6,33690.33
P00475,GENE0475,Protein description 475,GENE0475_HUMAN,0.301316,0.889495,1,2,101770.26,0,4,102177.7,0,2,103270.55,1,3,88316.71,1,4,78443.32,2,3,101561.32,2,4,99823.79,2,2,104901.75,0,2,57211.89
P00476,GENE0476,Protein description 476,GENE0476_HUMAN,0.725793,0.964509,5,9,9446.7,6,7,17017.89,4,8,18444.62,5,8,15277.2,4,8,25223.58,5,8,20607.81,6,9,21742.81,0,0,,4,8,19905.57
P00477,GENE0477,Protein description 477,GENE0477_HUMAN,0.989354,0.99683,2,15,217954.95,0,14,258516.42,0,13,280253.62,0,15,526156.35,0,13,179930.46,0,15,392131.94,2,13,246599.41,1,15,208058.1,0,15,118945.93
P00478,GENE0478,Protein description 478,GENE0478_HUMAN,0.379418,0.931086,7,8,5056.39,7,9,4206.12,5,9,5851.26,5,8,4317.86,0,0,,7,9,4323.46,7,9,4317.91,7,9,3169.31,7,7,3742.38
P00479,GENE0479,Protein description 479,GENE0479_HUMAN,0.627438,0.961591,4,12,42012.61,3,14,22780.89,3,14,25769.25,4,14,36329.25,3,12,60549.09,3,14,32625.12,3,12,44107.97,3,13,51284.49,4,12,26512.92
P00480,GENE0480,Protein description 480,GENE0480_HUMAN,0.260833,0.876748,4,13,3388043.52,5,12,3089927.63,3,11,1422200.71,3,11,4025932.45,5,11,2711537.16,4,13,3194761.12,4,12,2549141.89,4,13,2867787.23,3,11,2164275.49
P00481,GENE0481,Protein description 481,GENE0481_HUMAN,0.205028,0.845477,0,3,58047.39,1,3,40226.76,0,4,40458.5,0,2,40540.03,1,4,77488.81,1,2,110593.16,0,3,23836.48,0,2,43639.91,2,2,57834.9
P00482,GENE0482,Protein description 482,GENE0482_HUMAN,0.149131,0.790099,3,3,553847.24,1,3,535846.96,2,2,575929.87,1,2,272012.4,1,3,711285.89,2,2,402868.25,2,2,429663.88,3,2,687788.9,3,3,303252.36
P00483,GENE0483,Protein description 483,GENE0483_HUMAN,0.032154,0.40192,5,5,77908.86,3,6,39971.53,5,5,43053.78,5,5,63118.96,5,7,37234.97,3,6,55169.54,5,7,50028.05,4,5,32750.67,3,7,28541.36
P00484,GENE0484,Protein description 484,GENE0484_HUMAN,0.72381,0.965081,5,14,42164.13,7,14,99812.29,7,13,99722.16,7,15,126637.5,6,15,110267.47,5,14,125933.87,7,15,56512.26,7,15,73380.73,5,13,61835.78
P00485,GENE0485,Protein description 485,GENE0485_HUMAN,0.145959,0.788967,4,4,19693.68,4,3,23879.4,4,3,27561.87,6,3,19752.72,6,5,29265.13,5,3,47475.76,6,4,27509.96,5,5,38544.29,6,5,28138.71
P00486,GENE0486,Protein description 486,GENE0486_HUMAN,0.676273,0.960956,2,3,19585.89,1,3,33124.62,1,2,37226.62,0,0,,3,1,22878.81,2,1,32779.51,1,1,16900.12,1,1,27481.44,1,1,28377.51
P00487,GENE0487,Protein description 487,GENE0487_HUMAN,0.869609,0.985392,4,13,3862.53,4,15,8073.44,5,13,10191.58,6,15,11451.15,5,13,7520.19,6,13,10917.68,4,14,5167.32,4,14,10268.34,5,14,5789.32
P00488,GENE0488,Protein description 488,GENE0488_HUMAN,0.8466,0.985851,2,4,71109.78,2,4,49426.95,3,3,95903.57,1,4,60980.17,1,3,190960.39,1,3,95376.16,3,4,105943.37,1,4,127204.86,2,4,83983.34
P00489,GENE0489,Protein description 489,GENE0489_HUMAN,0.298965,0.889115,4,7,10370.58,5,5,7501.81,4,7,6939.17,3,5,8105.85,4,7,9628.37,0,0,,5,5,8131.47,5,7,4958.07,3,7,10366.86
P00490,GENE0490,Protein description 490,GENE0490_HUMAN,0.124406,0.72646,3,12,70837.69,5,11,162380.66,5,12,150414.58,4,12,148019.12,5,13,133266.09,5,12,85655.86,4,13,116386.55,3,12,211340.11,4,13,104556.56
P00491,GENE0491,Protein description 491,GENE0491_HUMAN,0.443064,0.947732,3,3,334236.42,3,2,311164.37,3,3,113939.76,2,3,379365.28,1,4,272446.77,1,4,290419.73,3,3,221134.25,2,4,272406.22,2,2,135784.19
P00492,GENE0492,Protein description 492,GENE0492_HUMAN,0.181289,0.819386,1,3,52763.21,3,3,83332.95,3,3,51995.06,1,4,57889.56,3,4,46776.49,3,5,74618.47,3,5,35307.47,1,4,67635.99,3,4,49555.84
P00493,GENE0493,Protein description 493,GENE0493_HUMAN,0.373508,0.930861,3,11,18782.97,5,11,21942.63,5,11,33338.17,3,10,21377.21,4,10,19003.33,5,12,21095.24,3,12,18755.88,5,10,15482.51,5,10,18989.27
P00494,GENE0494,Protein description 494,GENE0494_HUMAN,0.568821,0.964104,6,3,92239.88,5,2,147776.35,4,2,86332.87,4,1,119038.99,5,2,49977.9,4,3,297053.3,5,1,75961.83,6,3,86591.21,4,1,87551.28
P00495,GENE0495,Protein description 495,GENE0495_HUMAN,0.644347,0.961712,6,11,13887.58,8,11,17694.38,7,10,15496.23,7,12,15591.15,8,10,22909.35,7,11,14357.47,7,10,10355.69,8,11,23299.98,7,10,24335.48
P00496,GENE0496,Protein description 496,GENE0496_HUMAN,0.218324,0.835689,3,8,189646.63,4,10,364486.87,3,9,132409.55,4,8,193110.5,5,8,176017.31,4,8,287801.43,5,8,150952.82,5,8,100743.31,4,10,166827.38
P00497,GENE0497,Protein description 497,GENE0497_HUMAN,0.227296,0.834114,5,5,841.17,3,4,928.04,3,4,1778.15,4,5,1678.84,5,5,2279.86,3,4,1163.97,4,5,1101.93,4,5,1148.34,4,4,1307.02
P00498,GENE0498,Protein description 498,GENE0498_HUMAN,0.865967,0.986857,5,9,22254.83,3,10,14378.13,4,10,25953.68,3,10,26177.18,3,8,15701.57,3,9,25627.35,3,9,21118.21,3,8,7322.04,5,10,21543.88
P00499,GENE0499,Protein description 499,GENE0499_HUMAN,0.944888,0.993312,6,7,1191.82,0,0,,7,7,1015.85,7,5,1535.84,7,7,1095.76,8,5,3036.31,7,5,1782.02,0,0,,6,7,919.51
P00500,GENE0500,Protein description 500,GENE0500_HUMAN,0.642446,0.966084,2,13,2340.93,3,14,3904.44,4,15,3300.32,3,15,2942.77,3,15,2588.69,4,13,2091.63,3,14,3742.83,3,15,1777.62,3,15,1936.42
P00501,GENE0501,Protein description 501,GENE0501_HUMAN,0.556823,0.976883,4,8,393522.58,3,8,505459.14,2,7,355895.73,3,7,352974.95,4,6,656302.08,4,6,347446.44,4,6,269485.92,4,7,202185.99,3,7,301107.15
P00502,GENE0502,Protein description 502,GENE0502_HUMAN,0.658073,0.965979,3,12,90817.78,3,12,139686.96,2,12,320781.23,2,11,214453.38,2,10,142352.78,2,10,162168.83,2,12,174876.64,2,12,254827.27,3,12,137578.98
P00503,GENE0503,Protein description 503,GENE0503_HUMAN,0.12862,0.724622,5,6,11906.22,5,5,12599.96,4,4,10962.72,6,6,13609.2,0,0,,6,5,7518.93,6,6,8364.61,5,6,9711.82,5,5,7760.36
P00504,GENE0504,Protein description 504,GENE0504_HUMAN,0.897039,0.988473,5,12,2149.72,5,11,2577.28,6,13,2786.56,5,13,2031.8,4,11,4508.2,5,11,4565.52,4,13,1468.73,6,13,1064.42,6,13,2066.53
P00505,GENE0505,Protein description 505,GENE0505_HUMAN,0.208596,0.847089,4,5,184.79,5,5,319.56,4,4,150.77,3,5,217.81,5,4,206.68,4,5,185.64,3,5,161.33,5,5,210.48,4,6,176.16
P00506,GENE0506,Protein description 506,GENE0506_HUMAN,0.669681,0.960116,0,0,,3,8,8764.2,2,7,14925.16,3,7,14382.65,2,9,10628.76,2,9,12412.12,2,9,12728.3,2,9,13356.52,1,8,9868.56
P00507,GENE0507,Protein description 507,GENE0507_HUMAN,0.221971,0.833693,4,13,2230585.5,4,13,2393387.46,4,11,2192029.96,5,13,2303788.82,6,13,2241219.67,4,12,2512515.24,5,11,2096942.18,5,13,1646850.98,5,11,1350445.4
P00508,GENE0508,Protein description 508,GENE0508_HUMAN,0.705792,0.97016,1,13,80209.86,1,14,38857.77,2,14,89649.3,1,13,61645.49,1,14,89862.16,1,15,45197.47,3,15,47547.19,1,14,50695.09,1,13,76702.27
P00509,GENE0509,Protein description 509,GENE0509_HUMAN,0.753434,0.961319,8,11,12325.79,8,12,6224.13,6,10,7041.2,8,12,17128.26,6,10,14745.71,6,10,13757.04,7,11,9865.92,6,10,10423.12,7,10,12779.39
P00510,GENE0510,Protein description 510,GENE0510_HUMAN,0.741046,0.959283,4,9,94814.08,6,11,101182.86,4,9,105670.38,4,10,55416.58,5,11,79834.37,6,9,77694.45,4,9,43211.59,4,10,46928.27,6,10,47835.52
P00511,GENE0511,Protein description 511,GENE0511_HUMAN,0.428699,0.934493,5,11,2430.1,3,10,1998.54,4,10,1323.57,3,11,3384.11,5,12,2623.0,5,10,4010.25,4,10,1694.84,5,11,1420.37,3,11,1398.95
P00512,GENE0512,Protein description 512,GENE0512_HUMAN,0.607033,0.961636,2,8,20931.98,2,8,25769.7,2,6,18954.08,0,0,,2,7,22693.59,3,8,15328.58,3,6,18599.31,1,7,20613.17,1,6,14119.64
P00513,GENE0513,Protein description 513,GENE0513_HUMAN,0.597989,0.954872,5,11,39752.35,6,10,78450.09,6,11,45767.48,7,11,31320.74,5,10,79811.52,7,9,29056.55,7,10,59233.09,7,9,41182.04,5,11,29825.14
P00514,GENE0514,Protein description 514,GENE0514_HUMAN,0.720313,0.965243,5,8,62066.94,5,9,24275.85,6,8,61271.8,6,8,43789.9,5,9,24584.18,4,10,29358.44,4,8,30145.33,4,10,19326.17,5,8,22054.2
P00515,GENE0515,Protein description 515,GENE0515_HUMAN,0.499001,0.957316,7,8,104472.58,8,7,104768.16,8,7,104575.45,8,9,195161.4,7,8,111107.27,8,9,131151.35,7,9,93639.59,6,9,65363.72,6,8,102761.66
P00516,GENE0516,Protein description 516,GENE0516_HUMAN,0.507294,0.954906,5,5,114943.73,4,6,58970.4,4,5,58130.73,4,6,72553.37,4,6,83813.6,6,7,51239.2,6,6,72110.73,4,6,44346.73,6,6,41111.12
P00517,GENE0517,Protein description 517,GENE0517_HUMAN,0.684408,0.967362,7,6,131196.89,6,6,167395.31,5,6,113372.69,7,6,162856.94,5,7,109682.81,6,5,238426.0,5,5,144545.66,7,5,114172.3,6,7,77851.32
P00518,GENE0518,Protein description 518,GENE0518_HUMAN,0.170151,0.820004,0,2,7867.45,0,0,,1,4,11843.57,2,3,10073.33,2,2,5393.1,1,2,8528.64,1,4,8171.38,0,2,7405.36,2,2,8235.75
P00519,GENE0519,Protein description 519,GENE0519_HUMAN,0.65248,0.96485,0,12,288671.15,2,12,128950.0,1,11,79171.08,2,12,246401.33,0,10,223640.03,1,10,181687.53,1,11,114887.35,1,12,176581.52,1,12,147186.68
P00520,GENE0520,Protein description 520,GENE0520_HUMAN,0.148231,0.790565,5,2,714225.49,5,3,762857.27,5,1,492879.34,6,1,614794.09,4,1,276234.76,6,3,465803.79,4,3,595758.24,6,1,400502.64,6,3,506304.38
P00521,GENE0521,Protein description 521,GENE0521_HUMAN,0.001582,0.180785,1,2,7135.34,2,2,8878.93,0,0,,2,3,2510.93,1,2,2583.84,2,3,2963.99,2,3,1779.92,1,2,2554.77,2,4,2187.92
P00522,GENE0522,Protein description 522,GENE0522_HUMAN,0.003515,0.122262,8,6,5482.35,8,4,3789.5,6,6,6720.81,7,6,27443.82,6,5,48292.49,7,5,38251.36,6,6,34479.1,7,4,19271.29,8,6,37375.23
P00523,GENE0523,Protein description 523,GENE0523_HUMAN,0.839583,0.987744,8,4,317355.48,8,3,278826.04,8,3,287420.97,8,3,629796.93,7,2,491151.31,6,2,457101.7,6,4,362181.98,8,2,339709.9,6,4,146323.34
P00524,GENE0524,Protein description 524,GENE0524_HUMAN,0.088412,0.648895,6,11,19427.16,6,12,44150.1,4,11,18885.56,5,11,32744.99,5,10,47882.52,6,11,26490.35,4,10,19961.51,4,11,13133.79,6,11,25635.47
P00525,GENE0525,Protein description 525,GENE0525_HUMAN,0.460523,0.951986,6,3,422111.35,7,2,412600.55,6,4,368664.11,5,3,416414.65,5,3,464122.31,6,3,366414.52,6,2,199301.91,5,2,687672.84,6,3,177026.32
P00526,GENE0526,Protein description 526,GENE0526_HUMAN,0.167217,0.820699,3,6,19560.08,3,8,11878.81,2,8,19110.53,2,7,26413.48,3,8,33518.96,4,8,22860.41,3,8,28516.86,2,6,9648.58,2,7,18783.2
P00527,GENE0527,Protein description 527,GENE0527_HUMAN,0.868863,0.985944,8,11,354450.6,7,11,367449.55,7,10,768826.88,7,12,509111.92,8,12,309028.19,8,12,343115.61,8,11,429020.84,6,12,656866.0,6,12,225833.37
P00528,GENE0528,Protein description 528,GENE0528_HUMAN,0.125248,0.726075,2,10,33287.93,1,9,39513.37,2,10,41117.85,1,10,60407.62,2,8,57739.23,1,9,95594.22,2,8,25572.02,2,10,46490.84,0,8,69602.33
P00529,GENE0529,Protein description 529,GENE0529_HUMAN,0.485195,0.965563,2,10,66132.57,3,8,72889.6,3,10,39198.5,4,10,78276.17,2,8,68876.19,4,9,51369.4,4,8,82281.03,2,8,48299.03,2,9,36126.94
P00530,GENE0530,Protein description 530,GENE0530_HUMAN,0.105251,0.690172,5,7,703931.66,5,6,352250.49,5,7,624074.05,6,5,804965.39,4,7,469073.99,4,6,486914.39,6,7,339139.03,4,6,589854.89,5,5,508699.33
P00531,GENE0531,Protein description 531,GENE0531_HUMAN,0.797712,0.974305,7,6,30656.46,7,8,14442.34,5,6,17173.19,5,6,17137.42,6,8,28725.9,6,6,11768.49,7,6,23879.86,7,8,25997.91,7,7,19232.82
P00532,GENE0532,Protein description 532,GENE0532_HUMAN,0.28204,0.895364,0,0,,2,10,5693.39,3,12,7159.89,2,12,8325.67,2,12,8930.33,1,10,5767.21,3,11,9734.31,3,12,5089.7,2,12,5126.44
P00533,GENE0533,Protein description 533,GENE0533_HUMAN,0.594059,0.960096,7,7,15196.89,6,8,12389.09,5,7,7120.46,6,8,18023.5,6,8,33960.95,7,7,18491.78,5,7,11025.11,5,9,10541.7,5,7,8450.62
P00534,GENE0534,Protein description 534,GENE0534_HUMAN,0.170144,0.824939,5,10,46016.03,4,10,121908.59,3,11,49106.25,5,11,150222.95,3,10,206221.6,3,10,68435.75,5,11,50164.51,4,11,113436.84,5,12,43266.18
P00535,GENE0535,Protein description 535,GENE0535_HUMAN,0.351606,0.937616,6,12,1366.81,7,11,1498.54,8,11,1404.06,7,12,2638.1,6,13,2541.12,0,0,,7,13,2650.99,8,13,1337.44,6,13,1665.08
P00536,GENE0536,Protein description 536,GENE0536_HUMAN,0.113697,0.716203,0,0,,3,4,95475.02,3,5,85123.16,1,5,187377.24,1,4,170177.47,3,4,110623.13,2,5,174696.05,2,6,180995.16,3,5,68795.25
P00537,GENE0537,Protein description 537,GENE0537_HUMAN,0.550831,0.97277,5,2,11722.41,5,4,22342.14,4,4,11941.78,4,4,14023.44,6,3,19710.82,4,4,20143.0,5,2,8622.52,6,4,13394.94,5,3,10996.88
P00538,GENE0538,Protein description 538,GENE0538_HUMAN,0.003453,0.125568,2,7,195277.49,2,9,287800.83,2,8,152781.34,1,8,223699.0,2,8,220586.48,1,7,206061.47,3,7,304330.67,1,7,136742.75,1,7,197010.5
P00539,GENE0539,Protein description 539,GENE0539_HUMAN,0.993071,0.99556,1,5,454.64,0,5,594.09,0,6,195.3,0,0,,1,7,459.44,0,7,514.01,1,7,342.22,2,6,368.17,0,7,396.53
P00540,GENE0540,Protein description 540,GENE0540_HUMAN,0.416279,0.930232,6,3,3637.65,5,4,7971.97,6,2,6195.35,4,3,6216.67,5,3,16401.34,5,2,11411.23,6,2,5349.11,5,2,7116.38,6,3,10916.32
P00541,GENE0541,Protein description 541,GENE0541_HUMAN,0.629447,0.959158,6,12,1066.95,5,11,1323.57,5,12,1635.92,6,10,1969.58,4,11,2445.83,5,11,3133.24,4,11,1171.98,4,11,950.53,0,0,
P00542,GENE0542,Protein description 542,GENE0542_HUMAN,0.286781,0.889243,3,11,10131.21,2,11,7451.06,2,11,7196.96,2,11,6649.02,3,10,7962.62,3,10,11645.12,2,11,6489.77,3,10,6710.53,3,9,5836.28
P00543,GENE0543,Protein description 543,GENE0543_HUMAN,0.253248,0.880863,4,9,51799.78,6,10,56164.17,4,9,76625.28,4,9,86793.96,5,11,72399.43,5,10,55632.97,5,11,33565.11,4,9,52790.3,6,10,44365.6
P00544,GENE0544,Protein description 544,GENE0544_HUMAN,0.004847,0.13372,8,10,23085.06,0,0,,6,10,16091.86,6,10,7194.57,6,12,4144.22,8,12,3860.52,8,10,5525.03,8,11,3354.99,0,0,
P00545,GENE0545,Protein description 545,GENE0545_HUMAN,0.758183,0.964303,3,7,11283.01,2,6,17374.01,2,7,30592.11,0,0,,3,7,22294.19,3,6,18558.48,3,6,20806.93,4,7,22715.96,3,7,13229.84
P00546,GENE0546,Protein description 546,GENE0546_HUMAN,0.643292,0.963733,5,9,43634.1,5,7,29897.86,3,8,24512.08,4,7,61029.46,3,7,18078.8,5,9,21289.28,5,8,29742.02,3,7,24859.73,0,0,
P00547,GENE0547,Protein description 547,GENE0547_HUMAN,0.752305,0.961412,3,3,48777.69,1,3,50023.23,2,3,56344.31,3,3,81959.31,1,4,80713.88,2,4,100944.35,3,4,41145.48,2,5,50180.46,1,3,41420.95
P00548,GENE0548,Protein description 548,GENE0548_HUMAN,0.175313,0.820178,3,11,5554.9,0,0,,5,10,4004.96,5,10,10198.62,4,11,8742.78,3,11,5420.05,4,12,4426.4,4,12,5320.31,0,0,
P00549,GENE0549,Protein description 549,GENE0549_HUMAN,0.934092,0.992395,7,13,161580.58,6,13,125536.65,8,13,83127.74,8,13,119674.02,6,15,157503.08,7,13,108708.9,8,15,80022.58,6,13,111039.9,7,14,66055.36
P00550,GENE0550,Protein description 550,GENE0550_HUMAN,0.454745,0.942478,4,13,138265.83,5,12,191990.91,5,14,83074.61,6,14,125741.19,6,14,156292.91,4,14,107281.53,4,12,74380.64,0,0,,6,14,104699.86
P00551,GENE0551,Protein description 551,GENE0551_HUMAN,0.868712,0.987172,1,7,58101.69,1,8,94943.37,2,7,83795.94,1,6,136312.68,1,7,47960.47,1,8,49310.37,0,7,79268.81,0,6,47849.48,1,7,61346.81
P00552,GENE0552,Protein description 552,GENE0552_HUMAN,0.736057,0.965321,7,1,89243.75,5,2,110833.55,6,1,82784.28,5,3,134489.65,5,3,118981.51,5,2,92999.22,6,3,71012.65,5,2,77732.19,5,2,44546.45
P00553,GENE0553,Protein description 553,GENE0553_HUMAN,0.285921,0.893504,3,14,41813.51,2,14,79969.66,2,12,40715.1,3,14,68497.41,4,12,78902.0,4,14,67567.43,2,13,39781.38,4,13,68417.0,3,12,77431.26
P00554,GENE0554,Protein description 554,GENE0554_HUMAN,0.569317,0.962904,0,10,1264830.46,2,9,756239.81,1,10,1261627.2,2,10,2271545.43,0,9,2499483.9,1,10,1190726.47,2,9,737801.84,0,8,621172.41,2,8,1254197.01
P00555,GENE0555,Protein description 555,GENE0555_HUMAN,0.966646,0.996542,6,12,30764.12,6,11,17347.0,4,12,43011.73,4,12,50212.75,4,12,62738.61,4,11,85103.28,5,13,21973.93,6,13,27661.45,4,12,20623.0
P00556,GENE0556,Protein description 556,GENE0556_HUMAN,0.037088,0.430007,2,6,11416.85,2,5,17742.12,2,5,14220.32,0,0,,0,0,,4,4,39922.91,2,5,23827.64,3,4,19249.9,4,4,12695.98
P00557,GENE0557,Protein description 557,GENE0557_HUMAN,0.001555,0.20735,6,12,15952.56,6,12,7960.22,8,13,8152.52,8,13,49939.06,7,14,29337.84,7,14,63843.38,7,13,36168.91,7,12,25773.23,6,13,28056.61
P00558,GENE0558,Protein description 558,GENE0558_HUMAN,0.62054,0.962077,7,13,4323.69,6,12,2888.24,8,11,5907.46,6,12,6376.42,7,13,5623.47,6,11,8677.6,7,12,7811.34,7,12,4330.38,6,11,3604.15
P00559,GENE0559,Protein description 559,GENE0559_HUMAN,0.001877,0.166815,6,2,7599.32,4,3,2749.31,0,0,,4,3,756.09,4,3,572.21,4,1,573.45,4,3,577.03,5,3,514.76,4,1,818.27
P00560,GENE0560,Protein description 560,GENE0560_HUMAN,0.317916,0.914866,6,9,7517.17,6,8,6168.85,5,8,8932.53,4,8,7854.8,5,10,6620.81,4,9,14431.84,5,8,7710.66,4,8,5150.22,4,9,6038.48
P00561,GENE0561,Protein description 561,GENE0561_HUMAN,0.748692,0.962947,3,8,57392.44,2,7,22420.28,4,9,27192.9,4,7,33957.18,2,7,37343.0,2,7,37233.35,4,7,17219.5,4,8,19708.48,3,7,33028.21
P00562,GENE0562,Protein description 562,GENE0562_HUMAN,0.916327,0.985298,2,10,71042.6,0,11,57374.61,2,10,52592.59,1,10,55070.95,2,9,107793.01,1,10,99365.73,2,11,59433.02,1,10,39779.27,2,9,41215.17
P00563,GENE0563,Protein description 563,GENE0563_HUMAN,0.537628,0.962198,2,5,30972.86,0,4,40218.41,0,4,25150.12,2,6,45320.86,0,0,,1,4,38686.47,2,5,17251.99,0,5,60920.22,1,4,25800.59
P00564,GENE0564,Protein description 564,GENE0564_HUMAN,0.94821,0.99289,4,4,6208.9,4,3,10400.65,4,3,7656.33,4,2,10846.11,5,3,8440.59,4,3,12702.42,5,2,7963.05,3,3,9567.96,4,4,10938.94
P00565,GENE0565,Protein description 565,GENE0565_HUMAN,0.101279,0.692504,2,4,126038.85,4,6,252031.63,2,4,151763.2,2,6,195673.45,3,5,149294.52,4,4,196929.97,4,5,323269.9,4,6,165540.99,4,6,106042.38
P00566,GENE0566,Protein description 566,GENE0566_HUMAN,0.22747,0.830942,8,9,129596.67,7,7,164464.71,7,9,95000.6,8,9,116169.1,8,8,145938.95,8,8,183752.42,6,7,130453.64,7,7,164237.96,6,7,138225.02
P00567,GENE0567,Protein description 567,GENE0567_HUMAN,0.087712,0.649718,3,4,35504.23,4,4,17031.45,2,5,42211.65,3,5,40799.16,2,4,24164.99,2,4,22142.43,3,5,18909.28,2,5,19854.39,2,4,33544.2
P00568,GENE0568,Protein description 568,GENE0568_HUMAN,0.435534,0.941696,1,7,12255.6,3,9,8757.02,1,9,14699.94,3,8,10216.35,1,7,8174.04,0,0,,2,8,9949.02,1,7,19315.79,3,7,9631.45
P00569,GENE0569,Protein description 569,GENE0569_HUMAN,0.626715,0.962326,7,7,65928.99,7,8,97831.35,7,6,139944.65,7,7,138217.12,5,6,95601.72,6,8,108645.92,7,7,76455.78,5,7,57936.62,7,6,62402.0
P00570,GENE0570,Protein description 570,GENE0570_HUMAN,0.200472,0.848558,6,11,29991.41,5,12,68323.48,5,11,73082.24,6,12,52552.42,6,11,49146.6,5,12,40846.06,6,11,28774.01,7,12,30526.14,5,12,25159.22
P00571,GENE0571,Protein description 571,GENE0571_HUMAN,0.448539,0.944292,4,7,1302.66,4,6,5004.91,4,6,4750.19,4,6,3161.97,3,6,3892.75,0,0,,4,8,4337.74,2,8,2148.65,2,7,2533.04
P00572,GENE0572,Protein description 572,GENE0572_HUMAN,0.684395,0.969054,0,2,16488.02,0,0,,1,2,27485.68,0,2,36399.42,0,2,35494.3,1,3,25319.08,2,2,32294.19,0,3,18371.19,1,4,38192.23
P00573,GENE0573,Protein description 573,GENE0573_HUMAN,0.639487,0.965264,0,11,57170.2,0,11,65676.62,0,10,24096.04,1,10,73241.28,1,11,97143.07,0,10,69855.01,1,11,53555.37,0,9,36709.49,0,11,58594.39
P00574,GENE0574,Protein description 574,GENE0574_HUMAN,0.629282,0.960736,4,4,7794.11,3,5,6111.3,3,3,5605.95,4,3,5711.54,0,0,,5,3,5902.97,3,4,5042.46,5,5,11436.13,4,4,4397.6
P00575,GENE0575,Protein description 575,GENE0575_HUMAN,0.606032,0.961956,7,5,50607.4,8,5,27055.51,8,5,57701.21,6,5,61056.59,7,4,72310.14,8,4,53565.17,6,4,48381.93,7,4,41517.19,7,6,31743.65
P00576,GENE0576,Protein description 576,GENE0576_HUMAN,0.98661,0.997836,0,0,,2,11,2643.52,4,10,2568.9,3,12,7728.08,4,12,3372.44,3,12,5402.36,3,12,4988.11,4,10,2777.54,3,10,1224.34
P00577,GENE0577,Protein description 577,GENE0577_HUMAN,0.006065,0.134778,0,6,321816.29,1,4,377950.35,2,5,375369.2,2,5,93349.82,1,4,76951.61,1,4,62223.57,0,4,70495.28,2,6,61041.59,0,5,160009.11
P00578,GENE0578,Protein description 578,GENE0578_HUMAN,0.907673,0.985262,4,2,160121.82,4,1,240794.29,2,1,341835.08,3,3,228613.76,4,2,412849.36,4,2,412989.13,3,2,137786.7,3,3,182383.37,3,2,299331.92
P00579,GENE0579,Protein description 579,GENE0579_HUMAN,0.95173,0.993974,0,6,30311.64,2,6,17370.34,2,5,20186.77,1,6,35449.73,1,6,14180.22,2,5,24717.26,0,5,27598.04,1,6,23086.96,2,6,19062.15
P00580,GENE0580,Protein description 580,GENE0580_HUMAN,0.859679,0.989558,4,6,56946.83,2,6,40296.94,2,7,85702.72,4,6,112791.41,3,7,82629.83,3,8,59831.32,4,8,44039.68,2,6,29471.41,4,6,75365.78
P00581,GENE0581,Protein description 581,GENE0581_HUMAN,0.095168,0.685896,5,10,410.8,4,11,283.31,0,0,,4,10,693.19,3,11,391.2,5,9,762.48,5,9,455.77,5,11,276.38,5,11,225.67
P00582,GENE0582,Protein description 582,GENE0582_HUMAN,0.529245,0.968869,6,10,5026.84,7,10,6218.88,5,12,2748.75,6,11,3171.66,7,10,6975.39,5,11,8087.24,7,10,5235.52,7,12,3239.52,6,12,2787.66
P00583,GENE0583,Protein description 583,GENE0583_HUMAN,0.381512,0.933364,2,2,27637.81,1,2,15900.84,0,1,34608.81,0,1,35065.75,1,2,21200.46,1,2,21235.16,1,2,18848.5,0,3,24101.9,0,3,23839.13
P00584,GENE0584,Protein description 584,GENE0584_HUMAN,0.097068,0.68721,4,11,5989.96,4,11,4796.61,3,11,4793.43,4,11,15374.22,5,10,8991.23,3,11,4571.48,3,12,4118.48,3,12,4439.95,3,12,3651.41
P00585,GENE0585,Protein description 585,GENE0585_HUMAN,0.564209,0.962403,2,10,141266.52,1,10,127373.45,0,0,,3,10,161501.65,1,11,180238.72,1,10,124152.89,3,11,106788.72,2,11,116709.56,1,11,92607.81
P00586,GENE0586,Protein description 586,GENE0586_HUMAN,0.212825,0.847063,3,4,1199879.76,5,4,1118568.42,3,5,1122994.66,4,5,1085806.66,4,3,1950017.26,4,3,1239698.77,3,3,938419.04,5,4,762362.99,4,5,587064.95
P00587,GENE0587,Protein description 587,GENE0587_HUMAN,0.581737,0.961549,6,7,5729.31,6,7,3283.96,6,7,4097.95,7,6,6599.82,8,7,5661.39,8,5,5853.7,7,6,5010.72,7,6,6656.31,0,0,
P00588,GENE0588,Protein description 588,GENE0588_HUMAN,0.005114,0.131986,6,11,6531.96,6,10,9515.79,5,10,7239.76,7,10,1681.49,5,10,1683.54,7,11,2899.61,7,12,3090.59,5,11,1306.83,5,12,1687.58
P00589,GENE0589,Protein description 589,GENE0589_HUMAN,0.003256,0.124053,5,9,70935.32,6,8,30124.63,5,8,48060.35,5,8,12466.58,5,8,6709.02,7,9,9577.59,0,0,,6,9,7408.76,7,8,13847.82
P00590,GENE0590,Protein description 590,GENE0590_HUMAN,0.949829,0.993285,0,6,542005.05,1,5,387072.15,1,5,312100.77,2,6,452208.58,2,5,406649.98,0,7,549587.75,1,5,328567.77,2,7,544381.5,0,5,408119.91
P00591,GENE0591,Protein description 591,GENE0591_HUMAN,0.766469,0.96563,6,11,5106.66,0,0,,5,10,3146.63,5,12,5725.65,5,12,3099.42,6,12,5094.89,6,12,4873.03,5,10,4691.24,5,11,2160.55
P00592,GENE0592,Protein description 592,GENE0592_HUMAN,0.804282,0.976367,7,9,40314.24,8,11,58206.38,6,9,37768.33,6,10,48609.19,8,9,81767.64,6,11,41983.78,6,11,55727.01,7,9,34059.36,7,10,43889.54
P00593,GENE0593,Protein description 593,GENE0593_HUMAN,0.112291,0.718665,4,8,700679.55,6,7,878471.24,5,9,1000635.82,4,9,679033.09,5,7,802845.66,5,7,1277822.68,4,8,562317.78,6,8,717452.78,6,9,845107.04
P00594,GENE0594,Protein description 594,GENE0594_HUMAN,0.941873,0.991445,7,1,2267.52,5,1,1218.76,7,2,1350.42,5,1,2599.19,7,2,1916.47,7,3,2646.73,0,0,,5,1,1577.21,7,1,1132.89
P00595,GENE0595,Protein description 595,GENE0595_HUMAN,0.034529,0.418535,2,11,3688.93,0,0,,0,10,3695.61,1,11,5208.56,1,9,3827.75,0,0,,2,10,3686.82,0,11,2579.05,0,9,3067.21
P00596,GENE0596,Protein description 596,GENE0596_HUMAN,0.843895,0.987012,7,4,10851.84,6,5,10537.46,6,3,11646.37,6,4,15082.71,5,4,15181.83,5,5,19075.04,5,5,10846.56,7,5,9916.72,5,5,15551.82
P00597,GENE0597,Protein description 597,GENE0597_HUMAN,0.029651,0.382589,5,12,14748.89,6,12,24591.74,6,12,14725.79,5,12,12616.59,7,13,29769.15,5,13,10574.28,5,12,8604.15,5,14,9293.51,6,12,12460.19
P00598,GENE0598,Protein description 598,GENE0598_HUMAN,0.162457,0.807242,3,4,115845.57,3,4,74160.85,3,4,157392.63,3,3,121681.42,2,4,150315.19,2,5,221179.5,2,4,118808.56,1,4,85108.7,3,3,84940.22
P00599,GENE0599,Protein description 599,GENE0599_HUMAN,0.315345,0.914044,3,3,85072.05,4,1,56796.33,5,3,54745.53,4,2,34550.19,4,1,52025.72,5,2,53552.72,3,2,42288.22,3,3,38516.26,3,3,36985.34
P00600,GENE0600,Protein description 600,GENE0600_HUMAN,0.737761,0.96282,2,7,965.45,3,5,1719.44,4,6,1632.12,2,5,1905.69,4,5,2192.34,3,6,2555.33,2,5,1837.1,4,5,1126.13,4,7,797.51
P00601,GENE0601,Protein description 601,GENE0601_HUMAN,0.89942,0.985666,2,5,89305.83,0,7,125271.66,1,6,122378.56,0,6,125553.78,0,5,114330.88,0,7,115336.0,1,6,140499.41,1,7,47271.85,2,7,62167.98
P00602,GENE0602,Protein description 602,GENE0602_HUMAN,0.666499,0.960719,0,0,,2,6,15002.78,0,5,10566.52,2,6,13558.86,1,7,20604.37,1,5,10598.83,1,5,13874.41,0,5,10285.41,0,7,12026.39
P00603,GENE0603,Protein description 603,GENE0603_HUMAN,0.727769,0.963932,2,13,234145.3,2,14,251516.01,4,15,341139.15,2,15,703468.1,3,15,249475.69,2,14,235174.79,4,13,404111.87,2,13,324674.97,4,13,222908.33
P00604,GENE0604,Protein description 604,GENE0604_HUMAN,0.289773,0.884803,1,5,7960.73,1,4,10718.14,1,6,6556.68,1,5,8851.27,1,4,13930.64,0,4,13717.55,0,5,9390.26,2,6,13958.44,1,4,23142.08
P00605,GENE0605,Protein description 605,GENE0605_HUMAN,0.975377,0.996553,4,13,9727.49,4,11,10371.63,5,13,5445.17,0,0,,5,12,18099.27,4,13,7543.12,4,13,11917.4,3,12,9573.98,3,13,13445.78
P00606,GENE0606,Protein description 606,GENE0606_HUMAN,0.407734,0.93732,2,5,85064.53,0,4,107659.93,0,0,,2,3,91334.94,0,5,109828.22,2,5,154129.98,0,5,77380.81,2,4,80193.67,1,5,58418.54
P00607,GENE0607,Protein description 607,GENE0607_HUMAN,0.912914,0.985602,1,9,123569.42,1,10,91056.42,2,11,152239.94,1,10,192837.57,2,9,110954.79,1,9,141822.28,0,10,123771.37,1,9,83038.02,0,9,56806.21
P00608,GENE0608,Protein description 608,GENE0608_HUMAN,0.779254,0.971033,5,2,75095.08,5,4,110194.38,5,2,70926.72,6,3,153182.39,5,2,99170.38,4,4,130373.87,6,4,86038.94,4,3,130249.0,4,3,35768.52
P00609,GENE0609,Protein description 609,GENE0609_HUMAN,0.367267,0.9387,1,4,1376.68,1,3,1652.72,2,3,1815.96,0,0,,2,4,2455.77,3,4,1832.97,3,3,1723.3,2,4,2409.96,2,5,2371.65
P00610,GENE0610,Protein description 610,GENE0610_HUMAN,0.343135,0.927393,4,3,82446.84,2,3,72006.79,4,2,61118.38,4,4,98841.24,4,3,76546.52,2,4,90509.78,3,3,51340.07,2,2,71732.88,4,4,107647.97
P00611,GENE0611,Protein description 611,GENE0611_HUMAN,0.008222,0.160433,0,0,,2,6,3184.12,4,6,4495.64,3,6,3142.64,3,7,1346.95,3,6,1552.32,2,6,1687.74,2,7,2341.48,3,7,2505.77
P00612,GENE0612,Protein description 612,GENE0612_HUMAN,0.940471,0.992582,5,7,53471.55,5,8,30337.94,3,7,61799.62,5,8,44754.1,3,7,27369.17,4,6,89627.75,5,6,58189.28,4,8,40280.67,3,7,53052.0
P00613,GENE0613,Protein description 613,GENE0613_HUMAN,0.672344,0.960492,4,14,3268.54,3,13,3750.48,4,12,3354.39,5,14,3377.74,3,14,3196.93,5,14,3628.01,4,13,2343.82,4,14,1546.4,5,14,1471.15
P00614,GENE0614,Protein description 614,GENE0614_HUMAN,0.857427,0.989815,0,11,86767.5,2,11,151358.51,1,12,60916.1,1,12,145631.29,2,10,73637.05,2,11,58225.38,1,12,60503.93,1,10,46807.33,0,10,54352.01
P00615,GENE0615,Protein description 615,GENE0615_HUMAN,0.966283,0.997453,2,12,13160.63,2,11,11673.57,0,11,8434.02,1,11,12472.73,2,10,11690.17,0,11,14947.64,1,10,3910.63,1,12,6065.76,1,12,8233.23
P00616,GENE0616,Protein description 616,GENE0616_HUMAN,0.330003,0.936178,3,9,2059.98,4,8,3504.81,4,8,2495.79,4,9,5257.06,3,8,2777.49,5,8,4898.2,3,8,2293.71,0,0,,0,0,
P00617,GENE0617,Protein description 617,GENE0617_HUMAN,0.538492,0.961592,3,5,77164.51,5,6,82966.15,5,6,89482.28,5,6,174803.25,5,6,90169.12,4,6,102916.91,3,4,84869.72,3,5,73191.92,5,6,104385.64
P00618,GENE0618,Protein description 618,GENE0618_HUMAN,0.609108,0.959225,6,6,56259.58,5,4,58762.56,5,5,73113.87,7,6,103179.4,6,4,66541.36,6,5,24186.16,5,5,47353.73,7,5,23161.45,7,4,69933.8
P00619,GENE0619,Protein description 619,GENE0619_HUMAN,0.217177,0.83933,2,4,8822.89,1,3,8898.01,2,2,14575.28,1,4,14153.51,1,4,10439.93,1,3,20621.78,2,2,10588.51,1,3,8306.93,1,4,10154.47
P00620,GENE0620,Protein description 620,GENE0620_HUMAN,0.797549,0.975595,2,9,625219.31,2,9,346820.75,1,11,469618.18,0,11,352886.8,2,11,659069.21,1,11,519691.48,2,10,234747.72,0,11,335410.08,1,10,606486.91
P00621,GENE0621,Protein description 621,GENE0621_HUMAN,0.261758,0.872527,5,11,20607.7,5,11,12625.57,6,13,19034.71,5,13,13685.33,5,12,28185.35,5,13,21705.57,4,12,10090.81,5,11,20322.98,6,12,9221.0
P00622,GENE0622,Protein description 622,GENE0622_HUMAN,0.706875,0.969982,7,8,19334.07,8,8,26241.55,6,8,30474.32,7,8,43802.1,6,10,80802.77,7,8,40893.31,7,10,32323.31,7,10,34533.52,6,10,49231.97
P00623,GENE0623,Protein description 623,GENE0623_HUMAN,0.523824,0.970045,1,9,39510.38,3,9,60576.64,2,9,27433.27,1,9,48827.17,2,8,49311.6,3,10,54477.12,1,9,35781.67,3,9,26266.09,3,9,39986.32
P00624,GENE0624,Protein description 624,GENE0624_HUMAN,0.836671,0.987222,1,7,6496.33,0,5,11159.69,0,6,9730.65,0,6,13227.88,2,7,27926.97,2,7,11713.85,2,5,9405.8,1,5,8928.93,1,7,8960.09
P00625,GENE0625,Protein description 625,GENE0625_HUMAN,0.009802,0.170474,2,15,84651.84,2,15,74115.94,3,13,63566.77,3,15,20578.09,2,14,22599.79,2,15,34934.03,3,13,18093.01,4,13,30186.69,3,13,26763.26
P00626,GENE0626,Protein description 626,GENE0626_HUMAN,0.586667,0.96175,3,13,12364.74,5,13,16976.74,5,12,13643.64,4,14,14797.18,4,12,9511.25,3,12,23373.73,3,13,9690.56,5,12,18074.93,4,13,12563.22
P00627,GENE0627,Protein description 627,GENE0627_HUMAN,0.181072,0.823056,4,8,9444.59,4,8,17211.56,6,8,16724.22,5,8,21154.91,6,6,21159.46,6,7,22374.05,4,8,13783.3,5,8,13152.36,6,6,14146.46
P00628,GENE0628,Protein description 628,GENE0628_HUMAN,0.808187,0.978138,1,10,512550.25,1,12,472954.75,1,11,372249.7,0,11,952602.95,1,12,310254.71,1,10,453207.96,1,12,513064.43,0,11,337123.91,2,10,342831.92
P00629,GENE0629,Protein description 629,GENE0629_HUMAN,0.402124,0.929767,4,6,5124.07,4,7,6118.58,5,6,5344.06,6,7,6005.27,5,7,8376.54,5,7,8153.33,4,7,3625.46,6,6,7978.42,5,6,3310.16
P00630,GENE0630,Protein description 630,GENE0630_HUMAN,0.579744,0.962231,2,3,616.25,0,0,,4,4,387.82,2,2,475.57,4,4,442.73,4,4,503.86,2,3,388.35,3,3,580.3,3,4,331.77
P00631,GENE0631,Protein description 631,GENE0631_HUMAN,0.846059,0.988098,0,6,304447.4,0,6,340744.11,1,5,562059.66,1,6,762704.17,0,6,404352.02,2,4,609789.31,2,5,492176.27,1,6,507854.56,2,4,505927.46
P00632,GENE0632,Protein description 632,GENE0632_HUMAN,0.479389,0.956387,8,13,3833288.15,6,12,2640385.36,6,13,2465258.12,8,11,3255868.01,6,11,4406685.12,8,11,2227869.64,8,13,1617965.04,8,13,1840505.21,7,13,2121061.5
P00633,GENE0633,Protein description 633,GENE0633_HUMAN,0.274465,0.881814,5,8,16197.05,5,9,16272.27,5,8,13726.06,4,8,29887.77,5,7,19327.75,0,0,,5,9,10052.02,4,9,13827.1,3,9,23286.58
P00634,GENE0634,Protein description 634,GENE0634_HUMAN,0.265407,0.873769,2,13,951.15,2,12,1081.52,4,14,1171.16,2,14,1510.46,2,13,889.67,2,14,1007.21,2,13,576.71,3,14,779.37,4,14,1453.5
P00635,GENE0635,Protein description 635,GENE0635_HUMAN,0.566326,0.963959,6,7,26278.05,7,7,20628.49,6,5,35355.88,0,0,,7,5,31724.53,7,7,16948.3,7,6,13443.14,7,5,10856.2,5,5,19770.48
P00636,GENE0636,Protein description 636,GENE0636_HUMAN,0.291204,0.882437,5,7,14363.41,7,6,20308.52,5,8,11034.8,6,6,13922.42,5,7,19570.72,7,6,16230.08,5,6,10979.43,5,7,16985.04,6,6,16930.4
P00637,GENE0637,Protein description 637,GENE0637_HUMAN,0.33855,0.937162,2,1,37792.37,2,2,21825.23,1,1,22523.48,3,2,17431.94,1,3,37601.68,2,2,28331.29,3,1,15715.12,3,2,25347.76,2,1,14796.94
P00638,GENE0638,Protein description 638,GENE0638_HUMAN,0.234805,0.846145,7,12,3701.58,7,12,3612.35,6,13,3892.3,7,12,5439.21,6,13,4113.4,7,13,8289.91,6,12,4853.25,0,0,,6,12,4503.79
P00639,GENE0639,Protein description 639,GENE0639_HUMAN,0.446287,0.94203,3,6,177868.44,4,5,156428.65,5,6,61695.39,3,7,107052.37,0,0,,3,5,94306.09,4,6,49041.94,4,7,152597.53,5,5,110386.27
P00640,GENE0640,Protein description 640,GENE0640_HUMAN,0.466082,0.953621,2,3,58858.4,3,2,118536.71,1,3,71156.73,3,2,62297.02,3,4,142601.25,1,2,128486.86,3,3,76150.21,3,4,51210.8,1,3,93842.96
P00641,GENE0641,Protein description 641,GENE0641_HUMAN,0.525921,0.969439,3,5,2279.11,5,4,2888.26,3,5,3398.01,3,5,7588.93,5,4,3240.74,5,3,5729.85,4,3,4001.02,4,5,3219.93,5,3,1986.39
P00642,GENE0642,Protein description 642,GENE0642_HUMAN,0.592855,0.960088,2,10,193976.66,3,9,245775.82,3,10,88037.92,2,10,146988.5,1,10,184565.13,1,10,119424.38,3,9,140614.68,2,11,103301.0,3,10,121048.62
P00643,GENE0643,Protein description 643,GENE0643_HUMAN,0.587905,0.961808,7,11,1380938.9,5,11,1112064.78,6,13,1090520.44,5,13,1040642.08,6,13,1486885.27,6,11,1324868.75,6,12,1028679.56,7,11,664281.27,6,11,1051081.73
P00644,GENE0644,Protein description 644,GENE0644_HUMAN,0.367252,0.941672,1,14,53913.24,3,15,97055.39,2,15,45635.38,1,15,49771.44,3,14,63013.44,2,14,42020.47,1,15,40290.13,2,13,58167.69,3,14,33630.71
P00645,GENE0645,Protein description 645,GENE0645_HUMAN,0.900679,0.985695,5,5,13661.03,3,4,14829.88,3,6,19692.53,5,5,22821.1,0,0,,4,4,29634.3,5,6,24817.92,3,6,17662.98,5,5,17714.43
P00646,GENE0646,Protein description 646,GENE0646_HUMAN,0.511657,0.960857,2,8,24085.25,1,10,31061.19,0,8,20348.55,0,9,29541.56,1,8,26612.57,2,8,20753.78,1,8,35095.89,0,10,19437.72,2,10,31324.42
P00647,GENE0647,Protein description 647,GENE0647_HUMAN,0.832116,0.984753,8,8,159878.45,6,6,105603.15,6,8,89317.29,8,8,85952.39,6,7,98363.35,8,8,97271.53,7,7,72293.05,7,7,79424.98,8,6,67252.41
P00648,GENE0648,Protein description 648,GENE0648_HUMAN,0.557379,0.973587,4,10,1292.73,3,10,1794.8,3,11,2339.32,3,12,2589.96,3,11,929.59,4,11,2340.22,2,11,1149.99,0,0,,4,10,2159.03
P00649,GENE0649,Protein description 649,GENE0649_HUMAN,0.370613,0.938261,4,10,25791.18,6,10,68899.3,6,9,72256.53,4,11,78212.76,6,11,80832.85,4,11,60204.5,6,9,33815.57,5,9,39048.76,6,11,27391.48
P00650,GENE0650,Protein description 650,GENE0650_HUMAN,0.738648,0.960843,2,3,11825.4,4,2,11471.53,4,3,14052.77,4,2,21195.48,2,1,22113.43,4,2,11938.93,3,2,14927.73,2,1,13918.03,4,3,14178.95
P00651,GENE0651,Protein description 651,GENE0651_HUMAN,0.17696,0.82307,3,2,1217547.42,5,4,1305695.56,3,4,638209.37,3,3,1402318.95,4,2,879684.05,5,4,1074278.5,4,2,424445.04,5,2,574136.27,3,3,976783.05
P00652,GENE0652,Protein description 652,GENE0652_HUMAN,0.96968,0.995821,4,9,30789.19,4,10,25712.89,5,10,12536.82,5,8,32246.85,5,8,29087.58,5,9,26890.5,0,0,,3,8,12216.47,4,9,20593.5
P00653,GENE0653,Protein description 653,GENE0653_HUMAN,0.572303,0.963878,4,7,427564.01,3,8,560426.09,4,9,849310.99,4,8,747551.35,3,7,356271.58,3,8,747351.59,2,9,346424.32,2,8,403250.42,3,9,453158.14
P00654,GENE0654,Protein description 654,GENE0654_HUMAN,0.104166,0.694438,4,13,4409.23,3,12,5685.28,3,13,5047.22,4,12,5281.56,4,14,9395.0,3,13,5958.45,4,14,6224.17,4,13,7471.53,5,14,4389.35
P00655,GENE0655,Protein description 655,GENE0655_HUMAN,0.421358,0.93896,4,12,76657.91,6,12,100650.82,5,13,114929.29,4,14,244353.66,6,14,156072.96,6,14,175194.07,6,12,73642.43,4,13,87231.15,5,14,109974.55
P00656,GENE0656,Protein description 656,GENE0656_HUMAN,0.712538,0.96289,1,3,53294.61,3,3,51168.1,2,1,34361.15,1,1,61161.54,2,2,67886.96,3,2,56193.5,1,2,53599.14,2,2,38309.3,2,2,47972.52
P00657,GENE0657,Protein description 657,GENE0657_HUMAN,0.06811,0.567581,0,8,4041.63,0,10,6167.95,0,9,11570.21,0,10,18822.87,0,8,9314.83,0,10,7144.75,0,10,4473.53,1,10,6956.5,2,8,4068.25
P00658,GENE0658,Protein description 658,GENE0658_HUMAN,0.26138,0.874914,2,7,25629.74,2,6,25393.95,3,6,38725.25,0,0,,2,8,31798.82,1,6,62125.83,1,8,31089.62,3,6,30388.87,2,6,62337.23
P00659,GENE0659,Protein description 659,GENE0659_HUMAN,0.924374,0.987316,2,7,224658.35,3,8,492592.61,4,9,292920.36,3,8,427964.49,2,7,320344.11,4,9,184129.91,4,7,171848.0,2,7,346438.6,3,7,272303.73
P00660,GENE0660,Protein description 660,GENE0660_HUMAN,0.356203,0.934303,1,2,24493.84,2,1,20608.33,2,3,25811.12,2,3,29472.5,3,1,31174.73,2,1,21787.54,2,2,13350.17,1,1,13863.12,0,0,
P00661,GENE0661,Protein description 661,GENE0661_HUMAN,0.159163,0.81102,1,13,2694.98,3,11,1045.56,1,13,1201.4,2,12,3025.89,0,0,,3,12,2289.81,2,13,4608.69,0,0,,0,0,
P00662,GENE0662,Protein description 662,GENE0662_HUMAN,0.098383,0.684401,4,5,40080.22,4,5,22687.12,5,4,21644.94,6,5,24954.87,6,5,32867.03,5,5,25060.74,4,5,36812.78,6,3,26906.34,6,3,53757.11
P00663,GENE0663,Protein description 663,GENE0663_HUMAN,0.619063,0.961651,6,13,8077.12,6,13,8484.99,5,15,9553.46,5,15,11203.63,0,0,,6,15,6293.4,6,13,5197.06,5,15,5786.73,6,15,9812.31
P00664,GENE0664,Protein description 664,GENE0664_HUMAN,0.558133,0.966464,6,15,15832.61,7,13,26576.77,8,13,61549.11,0,0,,8,14,14652.64,6,14,18443.89,7,13,30134.93,8,15,13330.79,6,14,10756.92
P00665,GENE0665,Protein description 665,GENE0665_HUMAN,0.647742,0.961398,7,13,21340.91,6,11,36287.8,0,0,,6,13,30331.56,5,12,74742.42,7,12,42967.69,6,11,24092.76,7,11,23951.56,6,11,35496.37
P00666,GENE0666,Protein description 666,GENE0666_HUMAN,0.958037,0.996657,0,0,,0,0,,4,4,2116.43,4,4,2247.6,4,2,1377.22,2,4,2156.53,4,4,1930.08,3,4,1462.55,2,2,1277.11
P00667,GENE0667,Protein description 667,GENE0667_HUMAN,0.060118,0.534385,7,8,2381.64,6,8,1599.1,8,8,2435.2,8,6,2130.24,7,6,4651.06,8,6,1402.72,6,6,989.08,8,6,1470.08,8,8,1401.41
P00668,GENE0668,Protein description 668,GENE0668_HUMAN,0.197671,0.841153,6,1,81882.45,6,3,72229.76,8,3,91383.78,6,1,96618.75,6,3,75277.92,7,3,115897.78,8,2,65158.82,7,1,86716.73,6,3,40509.63
P00669,GENE0669,Protein description 669,GENE0669_HUMAN,0.233824,0.846423,2,8,11646.94,3,8,8744.05,1,9,12702.32,2,8,29400.45,1,9,16715.72,2,9,9201.48,3,8,8881.07,2,8,13792.06,2,8,8954.62
P00670,GENE0670,Protein description 670,GENE0670_HUMAN,0.427089,0.938657,3,14,376.37,1,12,270.44,1,12,418.42,2,14,369.19,1,14,576.48,3,12,331.53,1,14,401.58,2,14,616.34,3,14,288.2
P00671,GENE0671,Protein description 671,GENE0671_HUMAN,0.121026,0.717193,8,9,134122.94,7,9,88938.03,8,9,82481.49,6,9,95516.3,6,8,114712.54,6,9,247058.11,6,7,113272.32,8,8,123175.32,7,7,122723.45
P00672,GENE0672,Protein description 672,GENE0672_HUMAN,0.40987,0.936846,7,3,38787.71,8,2,31583.61,7,2,84710.75,6,2,137871.57,7,3,100538.58,6,3,60220.89,0,0,,6,3,36993.89,6,2,47524.99
P00673,GENE0673,Protein description 673,GENE0673_HUMAN,0.816195,0.981888,0,0,,5,4,9742.46,7,5,11677.63,5,6,13584.37,5,6,11074.52,6,5,16207.7,6,4,11666.99,5,5,11777.04,6,4,4100.83
P00674,GENE0674,Protein description 674,GENE0674_HUMAN,0.163658,0.808187,4,3,3020.02,5,3,4205.96,5,3,1511.68,3,5,7310.99,0,0,,4,4,2096.07,5,4,2637.92,4,4,2517.48,5,5,4436.04
P00675,GENE0675,Protein description 675,GENE0675_HUMAN,0.91658,0.984247,8,7,150294.09,6,8,190421.23,7,8,96776.13,8,7,142807.68,8,8,153908.42,7,8,126599.28,6,7,143081.91,7,8,152351.07,8,8,151344.83
P00676,GENE0676,Protein description 676,GENE0676_HUMAN,0.911253,0.985139,6,5,78828.47,5,7,81488.0,6,5,80141.12,0,0,,6,7,68448.81,6,6,58274.66,5,7,79309.81,5,7,61285.66,7,5,41256.67
P00677,GENE0677,Protein description 677,GENE0677_HUMAN,0.512987,0.958855,6,13,1278828.76,5,11,2247896.52,6,13,2315504.53,5,13,2725802.19,5,11,2901096.53,5,13,4770103.37,7,12,1185710.96,6,12,1420179.92,7,12,2326651.82
P00678,GENE0678,Protein description 678,GENE0678_HUMAN,0.860158,0.988687,4,5,31339.69,4,4,43840.63,6,5,81574.24,5,5,110547.21,6,3,59734.53,6,5,112364.89,6,4,41675.3,4,5,70833.21,4,5,106516.38
P00679,GENE0679,Protein description 679,GENE0679_HUMAN,0.711501,0.963114,3,6,70588.15,2,5,86037.08,2,4,54371.32,2,5,52162.22,0,0,,3,5,98976.09,3,4,55289.94,1,4,43021.51,3,5,59983.83
P00680,GENE0680,Protein description 680,GENE0680_HUMAN,0.356738,0.929612,6,6,28913.13,5,5,24663.14,6,5,15734.73,7,4,35852.52,5,4,20884.8,6,4,39107.31,5,6,28988.37,6,6,22717.91,5,5,9484.74
P00681,GENE0681,Protein description 681,GENE0681_HUMAN,0.561751,0.966454,6,12,73574.72,7,13,182668.32,7,14,114256.63,6,12,202296.07,6,14,216288.81,6,12,175671.12,6,14,127824.32,6,12,128392.96,6,12,162190.97
P00682,GENE0682,Protein description 682,GENE0682_HUMAN,0.116617,0.706767,6,6,104948.9,7,4,123019.68,6,5,116659.61,8,6,118797.12,7,5,139751.32,6,4,136384.68,8,6,58298.58,7,4,97918.29,6,5,41394.27
P00683,GENE0683,Protein description 683,GENE0683_HUMAN,0.495762,0.960315,5,13,380288.64,4,14,230809.52,5,15,278406.38,4,15,306517.74,4,15,259558.92,5,13,201422.59,6,15,268077.97,5,15,355762.72,5,13,277855.95
P00684,GENE0684,Protein description 684,GENE0684_HUMAN,0.829979,0.983679,2,9,14593.8,0,11,8384.84,1,10,20314.21,0,0,,1,9,18713.84,0,11,10995.46,2,9,11809.7,1,10,14962.23,2,9,10378.47
P00685,GENE0685,Protein description 685,GENE0685_HUMAN,0.58524,0.963358,7,4,13761.46,5,6,11888.48,5,4,15792.23,6,4,21503.4,0,0,,6,5,32795.33,7,6,11805.53,6,4,22043.4,7,4,13940.76
P00686,GENE0686,Protein description 686,GENE0686_HUMAN,0.382031,0.931782,3,10,10747.85,1,8,13181.9,3,8,12978.16,3,10,13279.12,3,9,8680.32,3,9,16100.52,1,10,11653.78,0,0,,3,9,14524.73
P00687,GENE0687,Protein description 687,GENE0687_HUMAN,0.66356,0.966936,3,4,140505.52,2,4,135841.19,3,2,119461.46,1,2,189628.71,2,2,165824.65,3,4,172149.36,1,3,97121.64,2,2,51699.86,3,3,42777.89
P00688,GENE0688,Protein description 688,GENE0688_HUMAN,0.976855,0.996791,1,13,252172.16,2,13,270123.07,0,13,293445.5,1,13,1067978.12,1,13,606743.7,1,12,495289.2,0,12,356408.74,1,14,200247.1,0,13,334370.08
P00689,GENE0689,Protein description 689,GENE0689_HUMAN,0.067482,0.568266,3,13,5844.89,2,13,9277.15,1,15,9307.7,2,15,24701.71,2,14,23721.95,1,14,18452.76,3,14,15825.16,1,13,17502.95,3,15,22272.87
P00690,GENE0690,Protein description 690,GENE0690_HUMAN,0.330364,0.930604,3,5,22888.11,4,4,13861.08,4,4,18036.28,5,4,14397.68,5,5,25394.86,3,5,19266.35,4,5,9340.97,5,6,16283.6,5,5,14327.84
P00691,GENE0691,Protein description 691,GENE0691_HUMAN,0.155939,0.810074,2,4,52207.47,1,5,62928.59,1,3,94683.36,2,4,51202.26,3,4,53542.66,1,3,72621.84,1,5,32757.22,1,5,44891.03,3,5,42340.21
P00692,GENE0692,Protein description 692,GENE0692_HUMAN,0.956948,0.99682,3,7,18717.97,2,7,12535.75,2,7,21161.74,2,8,26820.25,4,6,22398.04,2,7,34797.39,4,6,19934.41,2,6,13917.01,2,8,17208.23
P00693,GENE0693,Protein description 693,GENE0693_HUMAN,0.545902,0.966198,5,12,82685.45,3,11,120792.7,4,11,106931.18,5,11,187924.04,3,12,166428.05,4,11,204643.2,5,13,62583.74,5,13,131807.68,5,11,107811.65
P00694,GENE0694,Protein description 694,GENE0694_HUMAN,0.129669,0.725422,3,9,506.02,4,11,440.59,5,10,287.8,5,9,459.14,4,9,887.11,5,9,647.49,3,9,401.04,3,10,466.26,0,0,
P00695,GENE0695,Protein description 695,GENE0695_HUMAN,0.61217,0.960267,2,2,5590.38,4,3,7598.55,2,2,11269.45,3,2,12777.16,2,1,23973.87,3,1,12094.1,3,3,5673.9,2,2,6772.23,2,1,4910.32
P00696,GENE0696,Protein description 696,GENE0696_HUMAN,0.50042,0.953181,5,3,7278.01,3,2,5401.48,4,1,8802.87,5,3,8765.92,4,1,7475.08,5,1,9134.34,5,3,9547.27,3,2,10096.46,0,0,
P00697,GENE0697,Protein description 697,GENE0697_HUMAN,0.05932,0.551818,7,5,559.67,8,5,631.77,7,4,873.64,6,5,1090.0,8,4,633.3,6,5,709.39,0,0,,8,4,551.33,8,4,627.8
P00698,GENE0698,Protein description 698,GENE0698_HUMAN,0.864515,0.98943,2,10,5720.63,2,11,7355.6,1,10,5108.52,3,11,8801.08,1,10,8385.99,2,12,6798.41,2,10,4828.24,3,12,6018.03,1,10,4008.41
P00699,GENE0699,Protein description 699,GENE0699_HUMAN,0.709196,0.968186,0,5,6793.65,1,4,5573.29,1,5,7157.0,2,5,10345.14,0,4,17943.06,1,5,13919.29,1,5,5635.91,2,6,4841.75,1,6,4575.08
P00700,GENE0700,Protein description 700,GENE0700_HUMAN,0.005239,0.13097,6,13,23935.33,6,12,20929.2,6,12,25828.08,7,12,19394.6,6,14,24132.6,5,13,26887.66,7,14,19734.86,5,12,14499.74,6,12,22409.14
P00701,GENE0701,Protein description 701,GENE0701_HUMAN,0.959672,0.995769,1,5,312277.68,2,4,267636.71,0,6,209361.82,2,5,175146.64,2,4,338067.92,2,4,246428.19,1,6,149315.03,1,4,158358.45,2,5,167411.15
P00702,GENE0702,Protein description 702,GENE0702_HUMAN,0.159268,0.806421,6,13,17651.3,0,0,,7,12,17974.11,6,14,37231.88,7,13,26604.8,7,14,18859.52,6,13,15043.43,7,13,57605.74,5,14,17290.34
P00703,GENE0703,Protein description 703,GENE0703_HUMAN,0.000262,0.104803,4,13,5006.11,4,12,4894.0,2,12,7411.38,2,13,10573.33,3,12,8470.24,4,13,5089.91,4,13,4030.39,3,13,6311.07,2,14,5979.38
P00704,GENE0704,Protein description 704,GENE0704_HUMAN,0.427272,0.936486,5,10,48166.33,6,10,47869.42,6,11,43545.31,7,12,31858.55,6,11,59317.14,7,11,36462.81,0,0,,5,12,45352.22,0,0,
P00705,GENE0705,Protein description 705,GENE0705_HUMAN,0.002838,0.126126,3,4,300924.76,1,5,194415.48,1,4,224352.89,3,4,814021.37,1,3,998474.53,1,5,886436.68,3,3,317509.82,3,5,475231.59,3,4,279984.39
P00706,GENE0706,Protein description 706,GENE0706_HUMAN,0.570148,0.962275,2,1,3608.06,2,3,12090.69,2,3,8447.56,0,0,,2,1,6173.65,1,1,5966.11,3,2,3001.88,1,1,6240.91,0,0,
P00707,GENE0707,Protein description 707,GENE0707_HUMAN,0.31143,0.905977,3,4,5338.19,4,3,9759.53,3,3,5860.46,3,4,7231.01,2,3,10693.88,2,4,10114.8,3,5,6180.0,4,3,4622.47,3,4,4025.16
P00708,GENE0708,Protein description 708,GENE0708_HUMAN,0.185178,0.81397,4,10,94481.66,2,10,74365.85,2,11,47966.29,2,10,116292.55,2,10,84505.68,2,11,121888.88,3,9,71694.13,3,10,50527.44,4,9,65091.17
P00709,GENE0709,Protein description 709,GENE0709_HUMAN,0.985345,0.997818,5,10,27026.27,6,9,24129.81,0,0,,7,11,30460.51,6,9,24806.8,6,9,46947.5,6,11,10168.15,0,0,,5,10,26235.86
P00710,GENE0710,Protein description 710,GENE0710_HUMAN,0.332729,0.930711,6,14,99898.13,5,15,119306.71,6,14,86607.73,0,0,,4,14,94975.76,6,14,166835.43,5,13,127843.88,5,15,149300.43,5,13,106110.81
P00711,GENE0711,Protein description 711,GENE0711_HUMAN,0.414733,0.929374,7,15,19972.96,7,15,36731.53,8,14,28444.66,6,14,25542.97,7,15,39760.91,8,14,72778.85,8,13,30862.2,8,14,46136.19,7,14,22396.17
P00712,GENE0712,Protein description 712,GENE0712_HUMAN,0.29424,0.884933,6,5,90567.76,6,5,116211.47,4,6,117738.11,6,7,114482.99,6,6,92788.61,6,7,136799.23,4,7,153884.42,6,5,76108.86,5,7,101878.78
P00713,GENE0713,Protein description 713,GENE0713_HUMAN,0.836987,0.986141,1,7,5050.93,2,6,5870.17,0,0,,1,8,10372.82,0,0,,3,8,4233.29,1,6,5182.3,0,0,,3,7,8507.22
P00714,GENE0714,Protein description 714,GENE0714_HUMAN,0.196784,0.841857,2,12,39314.07,0,11,32979.84,2,11,25568.44,0,11,33154.24,2,13,34207.88,1,12,48601.23,1,12,35078.78,0,12,22450.72,2,11,37536.28
P00715,GENE0715,Protein description 715,GENE0715_HUMAN,0.127658,0.724298,1,12,16734.63,1,11,31144.13,2,13,20108.7,1,13,21871.5,1,12,31392.07,1,11,39453.15,1,13,34984.07,1,12,12784.17,3,11,22392.26
P00716,GENE0716,Protein description 716,GENE0716_HUMAN,0.881458,0.982126,7,6,3172.43,7,6,4042.15,6,5,5067.58,8,6,4183.49,8,5,3828.37,8,6,9323.28,8,6,2014.04,0,0,,6,7,3575.93
P00717,GENE0717,Protein description 717,GENE0717_HUMAN,0.18336,0.814932,0,0,,7,3,2979.46,5,3,2617.51,5,2,1462.48,7,3,2878.64,6,1,3744.98,5,1,1167.2,7,2,1754.42,7,2,1299.31
P00718,GENE0718,Protein description 718,GENE0718_HUMAN,0.857938,0.988978,6,2,157655.41,6,4,119997.43,7,2,52269.61,6,2,77339.92,6,3,168688.26,6,4,170650.36,6,2,59860.69,6,4,120133.37,7,4,195114.34
P00719,GENE0719,Protein description 719,GENE0719_HUMAN,0.578178,0.961626,2,11,35170.33,3,11,16080.55,1,12,29494.67,2,11,24420.48,1,12,25455.3,0,0,,1,13,26914.03,1,12,13278.2,2,13,15503.78
P00720,GENE0720,Protein description 720,GENE0720_HUMAN,0.005362,0.129996,3,5,3051.88,3,6,9213.23,5,6,5255.84,4,6,21582.61,5,6,26501.42,5,7,24110.14,5,5,20276.6,5,6,12949.66,4,6,13522.97
P00721,GENE0721,Protein description 721,GENE0721_HUMAN,0.070158,0.550259,4,12,33764.43,4,12,48744.27,4,11,32761.08,6,11,56838.11,4,10,51075.93,4,11,15511.86,6,10,18513.79,5,11,19131.42,4,10,20550.52
P00722,GENE0722,Protein description 722,GENE0722_HUMAN,0.963621,0.997279,6,11,125227.87,8,13,305767.88,8,12,171396.41,6,11,238409.6,7,12,177650.2,8,13,423517.45,6,12,135558.19,6,12,181269.03,6,13,209677.4
P00723,GENE0723,Protein description 723,GENE0723_HUMAN,0.299763,0.888186,6,14,535.16,5,13,967.28,4,12,857.21,5,14,858.96,5,13,1336.93,6,14,737.44,5,12,521.75,5,13,319.92,6,14,553.07
P00724,GENE0724,Protein description 724,GENE0724_HUMAN,0.058627,0.551783,0,9,2363.72,0,0,,1,9,2101.08,0,0,,2,8,2160.58,0,9,2864.55,0,0,,2,7,2234.3,0,7,2742.88
P00725,GENE0725,Protein description 725,GENE0725_HUMAN,0.764886,0.965156,5,9,10697.59,7,9,3301.79,7,10,11162.12,6,9,4293.59,7,9,9554.45,0,0,,6,11,4588.28,7,9,7476.85,7,11,5815.21
P00726,GENE0726,Protein description 726,GENE0726_HUMAN,0.178454,0.82522,7,4,529480.22,6,5,189216.43,8,4,261599.92,8,5,520376.11,8,3,434954.86,6,3,691164.88,8,5,250249.05,7,4,286198.45,6,3,277087.66
P00727,GENE0727,Protein description 727,GENE0727_HUMAN,0.351112,0.945756,1,14,57396.3,2,14,49209.62,0,14,60660.7,0,13,56661.98,1,14,58038.15,2,13,52832.05,0,15,91928.25,2,13,58178.99,2,14,33443.33
P00728,GENE0728,Protein description 728,GENE0728_HUMAN,0.594656,0.959123,4,13,206325.32,3,14,88925.96,3,13,127959.58,2,14,234826.88,2,13,148502.95,2,14,165646.07,3,14,136481.02,4,13,133250.88,2,12,63106.57
P00729,GENE0729,Protein description 729,GENE0729_HUMAN,0.068616,0.560134,6,7,3417.2,7,6,3153.66,6,7,4297.04,7,8,5872.67,8,6,7530.97,7,8,2302.28,8,7,4222.19,7,7,1771.59,6,7,2301.45
P00730,GENE0730,Protein description 730,GENE0730_HUMAN,0.201934,0.83703,6,6,6622.36,7,5,5165.67,6,6,2056.05,0,0,,8,5,8434.84,7,7,6232.86,6,5,6316.45,6,5,3653.32,7,6,3489.96
P00731,GENE0731,Protein description 731,GENE0731_HUMAN,0.489072,0.958965,6,12,78769.53,6,11,82011.36,8,10,114229.69,8,12,105150.96,7,11,68314.76,8,11,136234.22,6,10,57097.64,6,11,97494.25,8,10,65292.79
P00732,GENE0732,Protein description 732,GENE0732_HUMAN,0.421903,0.934965,6,7,67021.53,8,7,25070.12,8,6,29929.61,8,8,48655.6,7,6,52125.56,6,8,92161.29,8,6,18925.77,6,6,38644.21,6,6,35219.34
P00733,GENE0733,Protein description 733,GENE0733_HUMAN,0.557573,0.969693,1,10,46448.58,1,11,60565.98,2,11,41666.63,2,10,76620.98,2,10,90402.69,0,0,,0,10,68357.81,0,11,38679.34,0,12,71868.22
P00734,GENE0734,Protein description 734,GENE0734_HUMAN,0.728633,0.960307,1,3,22465.29,1,4,33210.69,3,2,17950.64,3,3,37001.53,1,3,31063.43,1,2,46500.84,1,4,24172.28,3,3,30139.83,1,4,17171.73
P00735,GENE0735,Protein description 735,GENE0735_HUMAN,0.352992,0.928927,5,6,46313.84,3,6,43600.54,4,5,24278.13,4,5,50837.16,5,4,62046.14,3,4,81700.89,5,4,26779.66,3,5,37631.92,5,6,64973.99
P00736,GENE0736,Protein description 736,GENE0736_HUMAN,0.404406,0.932347,6,13,43662.3,6,11,60806.6,5,12,40486.62,6,12,72276.62,5,12,71950.1,4,13,47271.82,6,11,38782.56,4,12,38744.29,4,13,28409.38
P00737,GENE0737,Protein description 737,GENE0737_HUMAN,0.002996,0.119824,3,12,130798.92,4,13,97248.12,3,13,80486.76,3,12,45283.08,4,14,39870.53,4,13,32581.19,2,14,17182.43,4,14,20804.56,2,14,26968.55
P00738,GENE0738,Protein description 738,GENE0738_HUMAN,0.339697,0.937095,1,2,151801.22,2,1,158734.24,3,1,72032.92,3,1,211809.61,1,1,78157.14,2,3,145278.35,2,2,139874.1,2,2,158975.33,3,1,120213.26
P00739,GENE0739,Protein description 739,GENE0739_HUMAN,0.051029,0.523376,3,13,1022.9,3,13,3926.32,1,12,1222.8,1,13,4174.05,2,11,2403.88,1,13,1705.3,3,12,1427.14,0,0,,1,11,3147.14
P00740,GENE0740,Protein description 740,GENE0740_HUMAN,0.580124,0.960868,6,1,916.8,5,1,816.86,6,3,614.11,0,0,,4,1,520.9,6,3,638.14,5,1,546.83,6,2,697.09,5,2,597.69
P00741,GENE0741,Protein description 741,GENE0741_HUMAN,0.172779,0.817887,8,12,221440.73,8,12,212150.8,8,13,276228.64,8,14,391117.33,7,13,190428.91,6,12,142406.81,7,14,68659.38,8,14,115461.69,6,14,137563.9
P00742,GENE0742,Protein description 742,GENE0742_HUMAN,0.00928,0.172645,7,4,237137.77,5,5,180950.39,7,4,317622.78,6,5,2078222.94,6,5,2545955.22,7,4,1575767.43,6,5,1134472.88,6,5,869560.59,5,6,804684.67
P00743,GENE0743,Protein description 743,GENE0743_HUMAN,0.042193,0.468816,3,5,3762.63,1,7,7733.74,2,6,5482.09,1,6,9854.78,3,5,4272.7,2,6,7685.93,3,7,4060.71,0,0,,3,6,4718.9
P00744,GENE0744,Protein description 744,GENE0744_HUMAN,0.059876,0.538211,3,12,1657.08,3,11,1004.0,2,11,716.07,3,12,1430.13,3,11,1391.33,1,10,1957.93,1,12,857.11,0,0,,1,10,1603.38
P00745,GENE0745,Protein description 745,GENE0745_HUMAN,0.284689,0.900204,3,11,16833.4,3,11,41578.93,2,12,28647.45,2,13,72631.41,2,13,53467.6,2,13,30353.54,1,12,36405.48,3,13,34497.42,2,12,18253.07
P00746,GENE0746,Protein description 746,GENE0746_HUMAN,0.438404,0.940277,6,6,223726.45,6,6,137543.87,6,7,162363.93,7,7,131555.67,6,8,131123.07,7,6,186289.19,5,8,140540.6,7,7,84000.43,6,6,231383.94
P00747,GENE0747,Protein description 747,GENE0747_HUMAN,0.693608,0.966702,2,5,562689.59,2,7,714897.91,0,7,887321.62,1,6,755403.09,1,6,984484.66,1,6,984003.56,1,5,470828.23,1,6,794746.69,2,5,711785.07
P00748,GENE0748,Protein description 748,GENE0748_HUMAN,0.692183,0.969784,4,14,127756.19,5,14,85770.43,6,14,72266.81,6,15,172476.93,5,14,132189.29,6,15,82378.13,4,15,38000.84,6,13,57917.83,4,13,39726.34
P00749,GENE0749,Protein description 749,GENE0749_HUMAN,0.973379,0.997059,6,15,15597.36,6,14,13233.14,5,15,16996.28,4,15,26457.12,6,15,9239.45,4,13,14306.64,5,15,17545.01,6,15,15185.99,5,13,13113.43
P00750,GENE0750,Protein description 750,GENE0750_HUMAN,0.351644,0.934603,5,7,8905.42,5,9,4346.62,4,7,7170.84,6,7,9220.57,5,9,4298.52,4,8,9863.95,4,7,4697.84,4,9,9097.8,4,7,11982.31
P00751,GENE0751,Protein description 751,GENE0751_HUMAN,0.059351,0.545756,6,2,36343.45,8,1,41284.55,8,1,20671.59,6,1,42460.16,7,2,59751.39,6,1,31822.47,0,0,,7,3,24519.47,8,2,55241.4
P00752,GENE0752,Protein description 752,GENE0752_HUMAN,0.861264,0.988539,0,0,,5,14,20758.66,5,14,19793.04,5,13,33036.6,4,14,40924.59,0,0,,4,13,13932.34,5,14,24911.76,0,0,
P00753,GENE0753,Protein description 753,GENE0753_HUMAN,0.730638,0.961365,4,9,4469.56,5,10,9054.59,4,9,5526.49,6,9,7333.36,5,11,9544.84,4,11,10842.46,6,11,3535.74,6,9,5752.75,5,10,5303.42
P00754,GENE0754,Protein description 754,GENE0754_HUMAN,0.068122,0.56183,5,8,1514333.53,3,8,1107743.95,4,10,842227.18,4,10,1412260.67,4,10,1943876.91,4,9,1910512.47,3,8,1392939.17,4,8,1281910.5,4,10,866816.13
P00755,GENE0755,Protein description 755,GENE0755_HUMAN,0.083338,0.623091,6,4,920923.95,4,4,524517.38,5,4,1454462.11,4,3,688319.49,6,2,768447.41,4,4,1143987.56,4,3,1146128.48,6,4,593904.67,4,4,662784.45
P00756,GENE0756,Protein description 756,GENE0756_HUMAN,0.476636,0.958062,2,13,182681.83,2,15,279245.31,2,14,159765.64,3,13,311203.11,2,14,307654.79,3,13,337687.32,4,14,371663.89,3,13,275985.5,4,15,172863.56
P00757,GENE0757,Protein description 757,GENE0757_HUMAN,0.341645,0.936014,2,10,5795.28,0,12,6620.62,0,12,5661.48,0,10,8275.97,1,12,10477.93,0,10,14647.67,1,10,3785.92,0,12,5454.65,2,10,5696.03
P00758,GENE0758,Protein description 758,GENE0758_HUMAN,0.596372,0.956107,0,4,94831.3,1,3,169189.71,0,0,,1,4,140023.6,1,4,143400.55,0,3,85030.33,0,3,141637.28,1,3,176360.45,0,3,215095.44
P00759,GENE0759,Protein description 759,GENE0759_HUMAN,0.219161,0.830942,7,5,131384.94,5,7,96386.03,7,5,47159.45,5,7,169305.9,6,6,84061.5,7,5,126132.24,5,6,61985.38,7,7,88149.82,6,7,95684.04
P00760,GENE0760,Protein description 760,GENE0760_HUMAN,0.959339,0.996716,6,5,39002.75,5,6,125946.36,6,6,55715.83,5,6,82532.96,4,6,145171.15,5,7,114757.65,4,7,54492.58,6,6,39284.17,4,6,56745.85
P00761,GENE0761,Protein description 761,GENE0761_HUMAN,0.512135,0.959504,3,12,255734.21,2,13,248127.33,2,13,247041.52,2,13,403403.32,2,13,497727.69,2,13,383315.71,4,13,215776.3,3,13,202794.68,3,13,149370.04
P00762,GENE0762,Protein description 762,GENE0762_HUMAN,0.750719,0.964005,6,8,73259.44,0,0,,6,9,95373.37,6,7,130134.89,6,9,144925.73,6,7,215663.23,6,9,114990.31,5,9,67973.15,6,8,86247.78
P00763,GENE0763,Protein description 763,GENE0763_HUMAN,0.125784,0.723939,5,13,184078.68,5,13,126980.71,5,12,81041.43,5,12,210544.1,5,14,169248.66,5,14,155767.98,5,14,98346.85,3,13,83129.76,4,12,77398.9
P00764,GENE0764,Protein description 764,GENE0764_HUMAN,0.005783,0.132177,3,9,58006.2,1,11,87759.64,2,9,121571.08,2,11,24818.84,1,11,12847.21,1,10,14679.25,1,11,9636.14,1,10,9900.55,2,11,10606.32
P00765,GENE0765,Protein description 765,GENE0765_HUMAN,0.86518,0.988777,6,7,55965.92,5,5,57895.66,5,7,67960.44,6,7,82055.84,5,7,97109.02,4,5,80806.86,4,6,67352.95,4,7,39356.69,6,5,24836.42
P00766,GENE0766,Protein description 766,GENE0766_HUMAN,0.022991,0.322676,2,6,1996.24,2,7,2089.05,4,8,1802.61,4,8,2103.0,4,8,1748.73,4,8,1720.23,3,7,1770.63,0,0,,2,6,1577.18
P00767,GENE0767,Protein description 767,GENE0767_HUMAN,0.539986,0.962113,7,11,46660.68,6,12,34117.53,7,11,35398.76,8,12,52462.71,8,13,72834.69,7,12,62912.13,6,11,27021.1,7,11,68225.3,6,13,26704.9
P00768,GENE0768,Protein description 768,GENE0768_HUMAN,0.246762,0.873492,5,7,9011.26,5,8,14986.72,7,8,12592.26,7,7,11751.17,7,9,12854.22,7,8,17505.4,5,7,16632.56,6,9,9719.46,6,9,10729.27
P00769,GENE0769,Protein description 769,GENE0769_HUMAN,0.478389,0.959176,5,11,3516.34,5,9,1442.74,6,11,2936.78,7,10,4818.95,5,9,6295.02,5,10,3997.81,7,10,1480.81,7,10,4925.33,6,11,2822.65
P00770,GENE0770,Protein description 770,GENE0770_HUMAN,0.004596,0.136166,4,3,760172.53,4,2,589968.84,5,2,533437.65,5,4,171474.47,4,4,127885.34,6,2,202713.42,5,3,60757.88,5,3,83834.82,4,4,181191.91
P00771,GENE0771,Protein description 771,GENE0771_HUMAN,0.690071,0.970222,5,6,795089.42,5,8,591398.78,5,7,1064825.65,5,6,2287801.73,6,7,879234.15,4,6,950946.12,6,7,274459.14,6,6,746202.79,5,6,764344.74
P00772,GENE0772,Protein description 772,GENE0772_HUMAN,0.754499,0.961145,7,8,285397.2,5,9,187539.17,7,10,388363.9,7,10,691267.71,7,10,570303.71,5,8,551545.43,6,9,542186.99,6,8,165392.46,5,9,479542.5
P00773,GENE0773,Protein description 773,GENE0773_HUMAN,0.211683,0.850986,3,5,45926.81,5,7,66253.78,4,7,33322.67,4,7,84348.96,4,5,126785.52,4,5,48309.68,4,7,47519.93,3,5,56485.53,5,6,42331.02
P00774,GENE0774,Protein description 774,GENE0774_HUMAN,0.83252,0.983775,5,13,202706.62,6,13,302533.6,5,12,382535.38,5,14,504421.33,7,12,657030.93,6,12,286279.75,7,13,261518.33,7,14,549453.63,7,12,433032.31
P00775,GENE0775,Protein description 775,GENE0775_HUMAN,0.613992,0.959363,0,5,36766.88,1,4,30980.41,1,5,23113.99,1,4,33465.29,1,4,20284.57,1,5,50257.65,1,5,21825.61,2,5,37880.94,0,4,38100.02
P00776,GENE0776,Protein description 776,GENE0776_HUMAN,0.069302,0.560017,4,13,58374.22,6,12,53605.54,0,0,,4,13,47006.53,6,13,66606.27,6,14,135105.42,4,14,37522.33,6,13,46170.64,5,13,36483.82
P00777,GENE0777,Protein description 777,GENE0777_HUMAN,0.862709,0.988779,4,3,3952.23,5,2,2345.44,3,2,3487.16,5,3,3139.97,5,2,10748.82,4,3,7951.89,5,2,4750.7,3,3,4513.66,3,2,6729.64
P00778,GENE0778,Protein description 778,GENE0778_HUMAN,0.055755,0.5374,2,6,41926.6,1,8,41290.67,2,6,52780.75,2,6,56893.76,2,6,52743.4,2,7,65037.59,2,6,125653.64,0,7,56796.93,1,8,89149.59
P00779,GENE0779,Protein description 779,GENE0779_HUMAN,0.028771,0.383608,4,8,33653.59,6,7,30201.93,5,9,35469.76,6,9,64292.53,5,7,46107.98,5,7,40064.46,4,9,64643.62,4,9,22879.21,4,8,24355.81
P00780,GENE0780,Protein description 780,GENE0780_HUMAN,0.003875,0.129166,2,6,3934.89,1,4,1757.32,0,4,4300.99,1,5,6867.51,0,6,15067.09,1,5,20990.39,2,5,11711.25,2,4,11460.4,2,6,8917.88
P00781,GENE0781,Protein description 781,GENE0781_HUMAN,0.013024,0.212632,6,8,27980.58,6,8,22639.75,6,10,36084.51,5,9,27924.33,6,8,40405.02,6,10,23000.2,6,9,24518.13,6,10,41757.49,5,10,27733.64
P00782,GENE0782,Protein description 782,GENE0782_HUMAN,0.088434,0.643157,3,13,25152.58,5,13,23384.97,5,12,24381.92,4,13,40057.27,4,12,60856.35,4,13,60741.15,3,13,47671.39,3,13,25490.2,4,14,32517.01
P00783,GENE0783,Protein description 783,GENE0783_HUMAN,0.016953,0.251156,5,6,667203.3,6,6,1450652.96,4,8,579525.63,5,6,726605.64,5,8,680298.01,5,7,910355.8,6,6,561694.07,4,8,727508.76,4,6,834560.88
P00784,GENE0784,Protein description 784,GENE0784_HUMAN,0.880279,0.983552,6,10,99682.99,5,10,221681.55,0,0,,4,10,146342.48,5,10,142614.52,6,8,195281.25,4,9,107547.72,6,8,234611.6,6,9,102888.53
P00785,GENE0785,Protein description 785,GENE0785_HUMAN,0.044695,0.489814,4,15,29899.82,3,13,29029.05,4,14,26292.28,4,15,46478.35,2,13,48455.48,2,15,40588.0,4,13,26117.63,3,15,16545.18,4,13,22365.2
P00786,GENE0786,Protein description 786,GENE0786_HUMAN,0.37268,0.93462,4,14,70453.34,5,14,67899.84,4,13,40114.73,5,14,100875.6,5,13,58530.93,5,14,74390.7,6,15,26939.03,6,13,48220.75,4,15,32424.37
P00787,GENE0787,Protein description 787,GENE0787_HUMAN,0.216992,0.842689,1,2,29118.64,3,1,34417.91,3,1,33657.8,1,1,39924.59,2,1,44922.31,1,3,29868.23,3,3,27067.47,1,2,33945.78,1,1,35603.14
P00788,GENE0788,Protein description 788,GENE0788_HUMAN,0.341661,0.932863,6,12,26991.55,7,11,30392.24,6,10,15497.26,7,12,26700.74,6,11,38036.51,6,10,23855.65,6,11,14139.81,6,12,15901.46,6,10,14611.39
P00789,GENE0789,Protein description 789,GENE0789_HUMAN,0.290593,0.883932,2,13,4406.39,0,0,,1,14,6972.75,1,14,5663.49,2,12,8014.01,1,13,6896.29,2,13,6592.45,0,13,3826.48,1,14,6740.65
P00790,GENE0790,Protein description 790,GENE0790_HUMAN,0.887872,0.985156,2,15,31292.71,0,15,25225.78,1,13,49743.78,1,15,40230.66,2,15,33476.94,1,13,21413.37,1,15,23868.55,2,14,22173.63,2,13,20695.64
P00791,GENE0791,Protein description 791,GENE0791_HUMAN,0.768706,0.963894,5,11,10980.3,6,13,7444.57,4,11,9516.38,5,11,8056.99,5,12,17046.46,6,12,12948.88,4,13,9343.29,4,13,13738.09,5,12,4971.46
P00792,GENE0792,Protein description 792,GENE0792_HUMAN,0.885017,0.983352,1,4,4780.25,1,3,3216.93,2,3,4457.21,0,2,4480.26,0,0,,0,0,,2,2,1575.46,0,4,4879.52,1,3,6214.62
P00793,GENE0793,Protein description 793,GENE0793_HUMAN,0.720043,0.9665,7,12,78912.11,0,0,,7,12,127013.25,7,11,176118.71,8,10,132854.09,6,10,123621.36,8,11,121544.56,6,12,70694.9,7,10,44612.07
P00794,GENE0794,Protein description 794,GENE0794_HUMAN,0.330348,0.933846,1,13,36960.81,2,11,70459.27,0,11,40435.51,0,0,,2,11,274891.57,1,12,106933.68,0,11,36797.7,0,11,48266.81,2,12,83235.8
P00795,GENE0795,Protein description 795,GENE0795_HUMAN,0.185845,0.812438,4,7,1153.61,3,9,1131.48,5,7,1041.99,4,8,1302.48,3,9,1783.27,3,8,1773.11,3,7,840.63,4,9,816.23,5,9,1382.42
P00796,GENE0796,Protein description 796,GENE0796_HUMAN,0.529779,0.967634,6,2,20032.29,6,3,25156.24,6,2,26971.81,6,2,34473.22,8,2,37928.14,8,1,61617.49,7,1,17905.26,7,2,22640.91,8,3,13458.42
P00797,GENE0797,Protein description 797,GENE0797_HUMAN,0.356668,0.932466,5,4,157205.75,6,5,172238.08,5,4,162721.7,6,4,201737.66,5,3,174872.64,5,4,213050.26,5,4,246198.68,6,4,189305.05,5,4,227418.88
P00798,GENE0798,Protein description 798,GENE0798_HUMAN,0.643413,0.962113,5,5,337564.67,6,6,179678.01,5,4,293341.01,5,6,153358.8,6,5,264040.2,6,4,258993.2,5,6,242214.43,6,6,129378.32,5,5,255582.07
P00799,GENE0799,Protein description 799,GENE0799_HUMAN,0.038933,0.438677,5,14,166800.47,6,12,241065.76,4,14,239992.58,6,13,226957.63,6,12,262438.37,6,13,199791.15,5,13,137781.65,4,13,188456.21,6,13,126848.05
P00800,GENE0800,Protein description 800,GENE0800_HUMAN,0.712982,0.961864,6,3,46308.51,6,2,39713.49,4,3,46343.8,5,3,52615.79,6,3,46612.77,4,2,54601.83,4,2,24875.84,5,4,27008.45,4,3,22164.12
